Country,Year,0,1,2,3,4,5,6,7,8,9,10,11,12,13,14,15,16,17,18,19,20,21,22,23,24,25,26,27,28,29,30,31,32,33,34,35,36,37,38,39,40,41,42,43,44,45,46,47,48,49,50,51,52,53,54,55,56,57,58,59,60,61,62,63,64,65,66,67,68,69,70,71,72,73,74,75,76,77,78,79,80,81,82,83,84,85,86,87,88,89,90,91,92,93,94,95,96,97,98,99,100+
Israel,1950,1.769,0.236,0.136,0.079,0.048,0.03,0.02,0.015,0.011,0.01,0.009,0.009,0.01,0.011,0.014,0.017,0.021,0.025,0.028,0.03,0.031,0.031,0.031,0.03,0.03,0.03,0.03,0.03,0.029,0.028,0.027,0.026,0.025,0.027,0.03,0.033,0.037,0.04,0.042,0.042,0.041,0.042,0.042,0.044,0.046,0.049,0.053,0.057,0.061,0.066,0.07,0.073,0.075,0.075,0.072,0.07,0.068,0.068,0.072,0.081,0.093,0.106,0.117,0.123,0.122,0.119,0.116,0.114,0.118,0.125,0.133,0.14,0.141,0.133,0.119,0.144,0.136,0.126,0.115,0.102,0.088,0.07,0.053,0.041,0.037,0.037,0.039,0.041,0.04,0.034,0.026,0.021,0.018,0.015,0.01,0.007,0.005,0.004,0.003,0.002,0.003
Israel,1951,1.931,0.241,0.147,0.089,0.055,0.036,0.025,0.019,0.015,0.013,0.013,0.013,0.014,0.016,0.018,0.02,0.024,0.029,0.034,0.039,0.043,0.045,0.045,0.044,0.042,0.04,0.038,0.037,0.036,0.035,0.034,0.033,0.032,0.032,0.034,0.039,0.044,0.048,0.052,0.054,0.054,0.053,0.054,0.055,0.058,0.061,0.066,0.071,0.077,0.084,0.091,0.097,0.101,0.101,0.098,0.094,0.091,0.09,0.093,0.101,0.114,0.13,0.144,0.153,0.154,0.149,0.143,0.141,0.143,0.151,0.164,0.176,0.184,0.185,0.176,0.193,0.183,0.171,0.157,0.142,0.125,0.106,0.084,0.062,0.048,0.043,0.041,0.042,0.044,0.041,0.034,0.026,0.02,0.017,0.014,0.009,0.006,0.004,0.003,0.003,0.003
Israel,1952,1.978,0.225,0.164,0.116,0.08,0.055,0.039,0.028,0.022,0.018,0.016,0.015,0.015,0.016,0.019,0.023,0.027,0.033,0.039,0.043,0.045,0.046,0.044,0.041,0.038,0.036,0.035,0.035,0.036,0.037,0.038,0.039,0.039,0.038,0.038,0.04,0.044,0.049,0.054,0.058,0.062,0.064,0.065,0.067,0.07,0.073,0.077,0.082,0.088,0.094,0.1,0.105,0.107,0.106,0.103,0.098,0.095,0.095,0.1,0.11,0.126,0.146,0.164,0.174,0.174,0.167,0.158,0.153,0.156,0.167,0.184,0.204,0.219,0.223,0.216,0.205,0.197,0.184,0.169,0.152,0.135,0.117,0.098,0.076,0.056,0.042,0.036,0.034,0.034,0.034,0.032,0.025,0.019,0.015,0.012,0.009,0.006,0.003,0.003,0.002,0.003
Israel,1953,2.356,0.326,0.211,0.137,0.087,0.056,0.037,0.026,0.02,0.016,0.015,0.015,0.015,0.017,0.021,0.025,0.029,0.034,0.038,0.041,0.042,0.042,0.041,0.039,0.037,0.037,0.037,0.037,0.038,0.039,0.039,0.037,0.035,0.032,0.029,0.028,0.03,0.035,0.042,0.051,0.06,0.068,0.072,0.074,0.074,0.073,0.073,0.075,0.081,0.091,0.103,0.117,0.13,0.137,0.138,0.134,0.128,0.123,0.123,0.127,0.135,0.148,0.162,0.172,0.176,0.174,0.169,0.164,0.164,0.17,0.182,0.199,0.22,0.24,0.255,0.224,0.225,0.215,0.2,0.183,0.164,0.145,0.125,0.104,0.08,0.058,0.043,0.037,0.034,0.033,0.033,0.029,0.023,0.017,0.013,0.01,0.008,0.005,0.003,0.002,0.004
Israel,1954,2.136,0.358,0.227,0.147,0.097,0.063,0.042,0.029,0.021,0.017,0.014,0.014,0.015,0.017,0.021,0.027,0.034,0.041,0.046,0.047,0.046,0.043,0.04,0.037,0.035,0.034,0.034,0.035,0.036,0.037,0.038,0.039,0.038,0.037,0.036,0.035,0.035,0.039,0.045,0.054,0.064,0.073,0.078,0.08,0.078,0.077,0.078,0.081,0.088,0.1,0.114,0.129,0.14,0.146,0.144,0.137,0.131,0.127,0.129,0.135,0.147,0.161,0.177,0.19,0.197,0.198,0.195,0.193,0.193,0.197,0.206,0.217,0.229,0.239,0.243,0.229,0.234,0.232,0.221,0.203,0.184,0.163,0.142,0.121,0.099,0.076,0.055,0.04,0.034,0.031,0.029,0.027,0.024,0.018,0.013,0.01,0.008,0.006,0.003,0.002,0.004
Israel,1955,2.261,0.346,0.196,0.115,0.071,0.046,0.031,0.023,0.018,0.015,0.014,0.014,0.015,0.016,0.018,0.021,0.024,0.027,0.03,0.033,0.035,0.036,0.035,0.032,0.029,0.027,0.026,0.026,0.028,0.031,0.034,0.037,0.038,0.037,0.034,0.031,0.029,0.029,0.032,0.038,0.047,0.057,0.067,0.074,0.079,0.081,0.082,0.084,0.086,0.089,0.094,0.1,0.106,0.114,0.121,0.129,0.135,0.141,0.144,0.146,0.148,0.15,0.152,0.158,0.168,0.179,0.189,0.198,0.203,0.204,0.202,0.201,0.2,0.202,0.206,0.198,0.204,0.207,0.204,0.192,0.175,0.157,0.138,0.119,0.1,0.082,0.062,0.045,0.033,0.027,0.024,0.022,0.02,0.017,0.012,0.009,0.006,0.005,0.004,0.002,0.003
Israel,1956,2.523,0.301,0.18,0.11,0.07,0.047,0.034,0.025,0.02,0.018,0.017,0.017,0.018,0.021,0.026,0.031,0.039,0.046,0.054,0.059,0.062,0.061,0.057,0.051,0.045,0.04,0.036,0.034,0.034,0.035,0.037,0.04,0.042,0.044,0.044,0.043,0.042,0.041,0.042,0.045,0.05,0.056,0.063,0.069,0.074,0.078,0.083,0.088,0.094,0.1,0.108,0.116,0.125,0.135,0.147,0.159,0.171,0.179,0.183,0.182,0.176,0.171,0.167,0.166,0.171,0.183,0.199,0.215,0.228,0.235,0.234,0.229,0.224,0.221,0.222,0.22,0.226,0.231,0.234,0.229,0.215,0.195,0.173,0.152,0.13,0.108,0.088,0.066,0.048,0.035,0.028,0.024,0.021,0.018,0.015,0.01,0.007,0.005,0.004,0.003,0.004
Israel,1957,2.536,0.28,0.185,0.125,0.087,0.063,0.047,0.037,0.03,0.025,0.022,0.021,0.021,0.023,0.026,0.031,0.037,0.043,0.049,0.052,0.051,0.049,0.045,0.041,0.038,0.035,0.034,0.034,0.035,0.036,0.038,0.04,0.042,0.042,0.041,0.039,0.037,0.037,0.038,0.042,0.049,0.06,0.071,0.08,0.086,0.089,0.09,0.092,0.096,0.103,0.111,0.12,0.131,0.142,0.153,0.165,0.177,0.187,0.193,0.196,0.196,0.194,0.193,0.197,0.205,0.219,0.238,0.255,0.264,0.264,0.254,0.239,0.226,0.218,0.217,0.23,0.234,0.239,0.244,0.245,0.237,0.22,0.198,0.174,0.151,0.128,0.106,0.085,0.064,0.046,0.033,0.026,0.022,0.018,0.015,0.011,0.008,0.005,0.004,0.003,0.004
Israel,1958,2.244,0.22,0.146,0.099,0.069,0.05,0.039,0.032,0.027,0.025,0.023,0.022,0.021,0.022,0.022,0.024,0.025,0.027,0.029,0.03,0.031,0.031,0.031,0.03,0.03,0.029,0.029,0.028,0.028,0.028,0.028,0.029,0.031,0.034,0.037,0.039,0.041,0.042,0.043,0.045,0.047,0.052,0.059,0.067,0.075,0.084,0.093,0.1,0.107,0.113,0.117,0.121,0.125,0.13,0.137,0.146,0.158,0.172,0.186,0.198,0.206,0.21,0.21,0.21,0.212,0.216,0.224,0.235,0.243,0.246,0.244,0.237,0.227,0.218,0.214,0.218,0.216,0.218,0.222,0.225,0.223,0.214,0.197,0.176,0.153,0.131,0.11,0.091,0.073,0.055,0.04,0.029,0.022,0.018,0.014,0.011,0.008,0.005,0.003,0.002,0.005
Israel,1959,2.001,0.154,0.112,0.083,0.062,0.047,0.037,0.03,0.025,0.022,0.019,0.017,0.017,0.016,0.017,0.018,0.02,0.023,0.026,0.028,0.03,0.031,0.031,0.031,0.03,0.029,0.028,0.029,0.029,0.03,0.032,0.034,0.037,0.039,0.041,0.043,0.044,0.043,0.043,0.043,0.044,0.048,0.054,0.063,0.074,0.086,0.098,0.109,0.117,0.123,0.128,0.133,0.139,0.147,0.158,0.172,0.188,0.203,0.216,0.222,0.222,0.22,0.216,0.215,0.218,0.225,0.236,0.25,0.264,0.273,0.274,0.269,0.261,0.25,0.242,0.237,0.227,0.222,0.224,0.226,0.226,0.222,0.21,0.191,0.169,0.146,0.123,0.102,0.084,0.067,0.051,0.037,0.027,0.02,0.016,0.012,0.009,0.005,0.003,0.002,0.004
Israel,1960,2.055,0.187,0.133,0.096,0.07,0.052,0.04,0.032,0.027,0.024,0.022,0.022,0.022,0.023,0.025,0.027,0.029,0.031,0.031,0.031,0.03,0.028,0.028,0.028,0.028,0.029,0.031,0.031,0.031,0.031,0.03,0.03,0.03,0.032,0.035,0.038,0.041,0.044,0.045,0.045,0.045,0.046,0.049,0.054,0.061,0.071,0.081,0.093,0.104,0.116,0.126,0.136,0.146,0.153,0.16,0.166,0.173,0.181,0.19,0.201,0.211,0.219,0.225,0.228,0.227,0.227,0.228,0.232,0.241,0.253,0.265,0.271,0.271,0.264,0.25,0.232,0.217,0.206,0.2,0.2,0.2,0.199,0.193,0.181,0.163,0.142,0.122,0.102,0.084,0.069,0.055,0.042,0.031,0.023,0.017,0.013,0.01,0.006,0.004,0.002,0.004
Israel,1961,1.796,0.138,0.097,0.069,0.051,0.039,0.032,0.027,0.025,0.024,0.024,0.025,0.027,0.028,0.029,0.03,0.031,0.031,0.031,0.031,0.03,0.03,0.03,0.03,0.031,0.031,0.031,0.031,0.031,0.03,0.03,0.03,0.03,0.031,0.033,0.035,0.038,0.04,0.042,0.043,0.045,0.047,0.05,0.054,0.06,0.069,0.078,0.089,0.1,0.112,0.124,0.135,0.146,0.156,0.163,0.169,0.176,0.184,0.195,0.209,0.227,0.245,0.261,0.272,0.277,0.274,0.267,0.262,0.26,0.265,0.275,0.287,0.298,0.303,0.302,0.293,0.272,0.253,0.239,0.233,0.233,0.234,0.231,0.223,0.208,0.187,0.162,0.138,0.115,0.095,0.078,0.062,0.048,0.036,0.027,0.02,0.015,0.01,0.006,0.003,0.004
Israel,1962,2.101,0.135,0.095,0.072,0.055,0.043,0.035,0.029,0.025,0.023,0.022,0.022,0.023,0.025,0.028,0.03,0.033,0.034,0.035,0.035,0.034,0.032,0.03,0.028,0.025,0.024,0.024,0.025,0.027,0.031,0.035,0.038,0.04,0.04,0.039,0.038,0.037,0.037,0.039,0.041,0.045,0.05,0.055,0.061,0.068,0.076,0.085,0.096,0.108,0.121,0.135,0.149,0.162,0.172,0.179,0.183,0.186,0.191,0.202,0.22,0.244,0.271,0.294,0.306,0.304,0.293,0.276,0.262,0.258,0.264,0.283,0.311,0.339,0.358,0.363,0.334,0.313,0.288,0.265,0.248,0.24,0.237,0.236,0.23,0.219,0.201,0.178,0.153,0.128,0.105,0.086,0.069,0.055,0.042,0.032,0.023,0.017,0.012,0.008,0.004,0.004
Israel,1963,1.876,0.148,0.096,0.067,0.051,0.039,0.031,0.025,0.021,0.019,0.018,0.018,0.02,0.022,0.026,0.031,0.036,0.039,0.04,0.038,0.035,0.032,0.029,0.027,0.026,0.026,0.026,0.027,0.028,0.03,0.031,0.032,0.033,0.034,0.036,0.038,0.041,0.044,0.048,0.052,0.055,0.057,0.058,0.06,0.062,0.066,0.073,0.084,0.098,0.116,0.137,0.159,0.18,0.197,0.209,0.215,0.217,0.22,0.227,0.241,0.261,0.286,0.311,0.329,0.336,0.333,0.321,0.307,0.297,0.296,0.306,0.326,0.353,0.377,0.391,0.37,0.356,0.33,0.301,0.275,0.254,0.242,0.236,0.231,0.222,0.207,0.187,0.163,0.137,0.112,0.09,0.071,0.056,0.044,0.033,0.024,0.017,0.012,0.009,0.005,0.005
Israel,1964,2.02,0.153,0.108,0.075,0.056,0.045,0.036,0.031,0.027,0.024,0.023,0.023,0.024,0.025,0.028,0.031,0.034,0.037,0.039,0.039,0.039,0.037,0.035,0.032,0.029,0.027,0.026,0.025,0.026,0.028,0.03,0.033,0.035,0.037,0.039,0.041,0.044,0.047,0.052,0.058,0.064,0.069,0.072,0.073,0.074,0.076,0.08,0.088,0.102,0.119,0.141,0.164,0.187,0.204,0.215,0.22,0.223,0.225,0.232,0.244,0.264,0.289,0.317,0.341,0.355,0.358,0.352,0.34,0.328,0.32,0.321,0.33,0.348,0.37,0.389,0.377,0.374,0.357,0.329,0.297,0.268,0.246,0.231,0.222,0.213,0.202,0.185,0.164,0.14,0.115,0.092,0.072,0.056,0.043,0.033,0.025,0.017,0.012,0.008,0.006,0.007
Israel,1965,1.963,0.134,0.089,0.06,0.04,0.03,0.024,0.02,0.019,0.018,0.019,0.02,0.023,0.027,0.032,0.037,0.041,0.042,0.04,0.036,0.031,0.027,0.025,0.024,0.024,0.025,0.026,0.028,0.03,0.032,0.033,0.033,0.034,0.034,0.036,0.038,0.041,0.046,0.052,0.06,0.067,0.073,0.077,0.077,0.076,0.075,0.077,0.082,0.092,0.108,0.129,0.153,0.177,0.2,0.216,0.227,0.235,0.241,0.249,0.261,0.277,0.298,0.319,0.34,0.356,0.365,0.367,0.364,0.359,0.351,0.346,0.344,0.346,0.351,0.358,0.363,0.365,0.357,0.337,0.307,0.275,0.245,0.221,0.205,0.193,0.182,0.169,0.152,0.133,0.111,0.089,0.07,0.053,0.04,0.03,0.023,0.017,0.012,0.007,0.005,0.007
Israel,1966,1.771,0.158,0.104,0.07,0.048,0.033,0.025,0.021,0.019,0.019,0.019,0.021,0.023,0.027,0.031,0.035,0.039,0.041,0.041,0.04,0.037,0.034,0.031,0.03,0.029,0.028,0.028,0.028,0.028,0.028,0.029,0.029,0.03,0.031,0.033,0.035,0.038,0.041,0.045,0.049,0.054,0.06,0.065,0.07,0.076,0.081,0.087,0.094,0.103,0.113,0.125,0.139,0.154,0.173,0.194,0.217,0.241,0.262,0.28,0.294,0.303,0.313,0.324,0.338,0.356,0.376,0.392,0.401,0.401,0.391,0.376,0.363,0.357,0.359,0.371,0.365,0.373,0.373,0.363,0.34,0.307,0.273,0.241,0.215,0.197,0.183,0.17,0.154,0.137,0.117,0.096,0.076,0.058,0.043,0.031,0.023,0.017,0.013,0.009,0.005,0.008
Israel,1967,1.736,0.142,0.101,0.072,0.053,0.039,0.03,0.025,0.022,0.021,0.021,0.022,0.024,0.026,0.03,0.035,0.04,0.045,0.049,0.051,0.05,0.047,0.043,0.037,0.032,0.028,0.026,0.024,0.025,0.027,0.03,0.034,0.037,0.039,0.038,0.037,0.037,0.037,0.04,0.045,0.053,0.063,0.072,0.081,0.086,0.089,0.091,0.094,0.101,0.111,0.126,0.145,0.168,0.191,0.215,0.237,0.258,0.276,0.292,0.306,0.316,0.326,0.338,0.352,0.371,0.393,0.415,0.433,0.442,0.442,0.432,0.417,0.405,0.401,0.404,0.372,0.38,0.385,0.381,0.367,0.341,0.306,0.269,0.236,0.208,0.188,0.172,0.156,0.14,0.122,0.102,0.083,0.064,0.047,0.034,0.024,0.017,0.013,0.01,0.007,0.009
Israel,1968,1.738,0.122,0.088,0.064,0.048,0.037,0.03,0.025,0.022,0.021,0.021,0.023,0.025,0.029,0.035,0.042,0.052,0.063,0.075,0.084,0.088,0.084,0.074,0.062,0.049,0.04,0.034,0.031,0.03,0.033,0.037,0.042,0.047,0.051,0.052,0.051,0.049,0.047,0.047,0.049,0.053,0.059,0.067,0.076,0.086,0.095,0.103,0.109,0.113,0.118,0.123,0.131,0.144,0.163,0.188,0.22,0.255,0.291,0.319,0.339,0.349,0.353,0.357,0.366,0.385,0.412,0.442,0.468,0.481,0.478,0.463,0.44,0.421,0.41,0.411,0.387,0.388,0.394,0.397,0.391,0.373,0.344,0.307,0.269,0.234,0.204,0.182,0.164,0.147,0.129,0.11,0.091,0.072,0.055,0.04,0.027,0.019,0.013,0.01,0.009,0.011
Israel,1969,1.692,0.098,0.079,0.064,0.053,0.044,0.037,0.031,0.027,0.024,0.023,0.024,0.025,0.028,0.033,0.041,0.051,0.064,0.076,0.085,0.087,0.081,0.071,0.058,0.047,0.039,0.033,0.03,0.03,0.031,0.034,0.038,0.042,0.045,0.046,0.046,0.045,0.045,0.046,0.049,0.055,0.063,0.073,0.085,0.097,0.107,0.114,0.119,0.121,0.124,0.128,0.136,0.149,0.168,0.194,0.227,0.264,0.304,0.339,0.366,0.384,0.394,0.402,0.41,0.426,0.448,0.474,0.499,0.514,0.515,0.503,0.482,0.461,0.443,0.432,0.406,0.395,0.393,0.394,0.392,0.382,0.361,0.329,0.291,0.252,0.217,0.187,0.164,0.145,0.128,0.11,0.092,0.075,0.058,0.043,0.03,0.02,0.013,0.009,0.007,0.014
Israel,1970,1.735,0.097,0.078,0.065,0.054,0.045,0.038,0.033,0.028,0.024,0.023,0.023,0.025,0.028,0.035,0.044,0.055,0.069,0.082,0.09,0.091,0.086,0.075,0.063,0.051,0.043,0.036,0.032,0.03,0.03,0.03,0.032,0.034,0.037,0.04,0.043,0.046,0.048,0.05,0.053,0.057,0.062,0.07,0.078,0.088,0.099,0.109,0.118,0.125,0.132,0.139,0.149,0.163,0.181,0.203,0.229,0.258,0.291,0.325,0.358,0.385,0.406,0.421,0.432,0.443,0.458,0.476,0.497,0.518,0.534,0.541,0.537,0.524,0.503,0.48,0.457,0.435,0.424,0.422,0.422,0.419,0.406,0.382,0.347,0.306,0.264,0.227,0.195,0.169,0.148,0.127,0.108,0.089,0.071,0.054,0.04,0.027,0.017,0.01,0.007,0.016
Israel,1971,1.68,0.096,0.078,0.064,0.053,0.043,0.035,0.029,0.024,0.02,0.018,0.018,0.019,0.021,0.026,0.032,0.04,0.048,0.055,0.06,0.062,0.06,0.057,0.052,0.047,0.044,0.041,0.039,0.037,0.035,0.033,0.033,0.033,0.034,0.037,0.04,0.043,0.048,0.052,0.056,0.061,0.067,0.074,0.083,0.092,0.102,0.112,0.12,0.127,0.132,0.138,0.145,0.156,0.171,0.192,0.217,0.248,0.283,0.321,0.358,0.392,0.418,0.438,0.45,0.456,0.462,0.471,0.486,0.508,0.535,0.561,0.58,0.586,0.577,0.552,0.497,0.467,0.444,0.43,0.426,0.424,0.416,0.4,0.373,0.337,0.295,0.254,0.216,0.184,0.158,0.136,0.115,0.095,0.077,0.061,0.046,0.033,0.021,0.012,0.006,0.015
Israel,1972,1.816,0.096,0.078,0.064,0.053,0.044,0.037,0.032,0.028,0.025,0.024,0.024,0.025,0.027,0.031,0.037,0.043,0.05,0.057,0.062,0.064,0.063,0.059,0.053,0.046,0.041,0.037,0.034,0.033,0.033,0.034,0.036,0.038,0.04,0.042,0.044,0.046,0.048,0.05,0.053,0.056,0.061,0.067,0.077,0.088,0.102,0.117,0.131,0.142,0.151,0.157,0.164,0.173,0.185,0.202,0.224,0.251,0.283,0.317,0.355,0.394,0.43,0.46,0.484,0.499,0.507,0.515,0.528,0.548,0.577,0.611,0.641,0.656,0.652,0.626,0.565,0.529,0.495,0.468,0.452,0.444,0.439,0.427,0.406,0.376,0.336,0.293,0.251,0.212,0.179,0.152,0.129,0.107,0.086,0.069,0.054,0.04,0.028,0.018,0.009,0.013
Israel,1973,1.99,0.1,0.079,0.062,0.05,0.04,0.034,0.029,0.026,0.024,0.023,0.023,0.024,0.026,0.029,0.033,0.038,0.042,0.045,0.047,0.048,0.048,0.046,0.044,0.042,0.04,0.038,0.035,0.033,0.032,0.031,0.03,0.031,0.033,0.037,0.042,0.049,0.056,0.062,0.067,0.071,0.075,0.079,0.084,0.091,0.101,0.113,0.126,0.14,0.152,0.162,0.171,0.183,0.196,0.21,0.229,0.251,0.28,0.315,0.354,0.397,0.444,0.49,0.526,0.549,0.563,0.566,0.571,0.58,0.597,0.622,0.649,0.669,0.674,0.656,0.621,0.585,0.542,0.503,0.472,0.451,0.44,0.43,0.413,0.389,0.355,0.313,0.27,0.228,0.19,0.158,0.132,0.11,0.089,0.071,0.056,0.042,0.031,0.021,0.013,0.014
Israel,1974,2.123,0.094,0.077,0.064,0.052,0.043,0.036,0.031,0.028,0.025,0.024,0.024,0.026,0.029,0.035,0.042,0.051,0.059,0.067,0.071,0.071,0.069,0.063,0.057,0.05,0.044,0.042,0.04,0.039,0.038,0.038,0.038,0.037,0.037,0.036,0.036,0.038,0.041,0.045,0.052,0.06,0.07,0.08,0.09,0.099,0.108,0.118,0.129,0.143,0.159,0.174,0.188,0.198,0.208,0.214,0.218,0.228,0.246,0.28,0.329,0.385,0.448,0.508,0.563,0.594,0.6,0.598,0.587,0.588,0.6,0.624,0.658,0.686,0.705,0.705,0.667,0.637,0.596,0.547,0.503,0.467,0.443,0.428,0.414,0.394,0.366,0.33,0.287,0.243,0.202,0.165,0.135,0.11,0.09,0.072,0.057,0.043,0.031,0.023,0.015,0.018
Israel,1975,2.123,0.129,0.097,0.073,0.056,0.043,0.034,0.029,0.025,0.023,0.023,0.024,0.026,0.03,0.036,0.043,0.052,0.061,0.07,0.077,0.08,0.081,0.079,0.076,0.071,0.064,0.058,0.053,0.049,0.044,0.041,0.04,0.039,0.04,0.043,0.047,0.052,0.056,0.06,0.064,0.065,0.067,0.07,0.073,0.08,0.091,0.103,0.12,0.137,0.157,0.175,0.19,0.201,0.206,0.214,0.221,0.227,0.24,0.266,0.31,0.37,0.43,0.486,0.535,0.577,0.599,0.602,0.607,0.609,0.626,0.65,0.677,0.708,0.722,0.728,0.708,0.689,0.654,0.609,0.556,0.507,0.467,0.44,0.422,0.405,0.382,0.351,0.312,0.268,0.223,0.182,0.146,0.116,0.093,0.075,0.06,0.048,0.035,0.024,0.017,0.023
Israel,1976,1.944,0.104,0.082,0.065,0.053,0.043,0.035,0.03,0.026,0.023,0.023,0.023,0.023,0.025,0.028,0.033,0.039,0.046,0.052,0.057,0.06,0.06,0.057,0.054,0.05,0.046,0.041,0.037,0.036,0.036,0.035,0.035,0.036,0.038,0.04,0.043,0.047,0.05,0.054,0.058,0.062,0.065,0.071,0.078,0.086,0.096,0.107,0.119,0.132,0.143,0.157,0.171,0.184,0.198,0.21,0.229,0.247,0.258,0.275,0.299,0.341,0.393,0.438,0.479,0.518,0.568,0.605,0.621,0.641,0.644,0.657,0.665,0.671,0.686,0.687,0.679,0.691,0.667,0.626,0.579,0.523,0.472,0.431,0.402,0.383,0.364,0.339,0.308,0.27,0.229,0.187,0.15,0.117,0.091,0.071,0.056,0.045,0.037,0.026,0.016,0.026
Israel,1977,1.686,0.105,0.082,0.064,0.051,0.041,0.034,0.028,0.024,0.022,0.021,0.021,0.023,0.025,0.03,0.036,0.044,0.053,0.06,0.065,0.067,0.066,0.063,0.058,0.055,0.051,0.048,0.045,0.044,0.045,0.045,0.044,0.042,0.04,0.039,0.038,0.039,0.041,0.044,0.049,0.056,0.063,0.069,0.077,0.085,0.091,0.1,0.111,0.122,0.137,0.152,0.172,0.193,0.213,0.231,0.242,0.262,0.279,0.285,0.301,0.328,0.38,0.446,0.498,0.542,0.578,0.63,0.667,0.679,0.699,0.7,0.718,0.726,0.732,0.75,0.718,0.73,0.744,0.709,0.658,0.605,0.54,0.482,0.435,0.402,0.38,0.357,0.33,0.296,0.256,0.213,0.171,0.133,0.102,0.077,0.059,0.046,0.037,0.032,0.021,0.03
Israel,1978,1.578,0.103,0.084,0.068,0.055,0.045,0.038,0.032,0.028,0.026,0.025,0.025,0.027,0.029,0.032,0.037,0.043,0.05,0.056,0.059,0.059,0.059,0.058,0.056,0.054,0.053,0.051,0.048,0.044,0.04,0.04,0.039,0.038,0.037,0.038,0.041,0.044,0.049,0.053,0.057,0.061,0.065,0.07,0.074,0.081,0.092,0.101,0.115,0.131,0.146,0.165,0.182,0.202,0.222,0.238,0.252,0.258,0.276,0.289,0.289,0.3,0.326,0.385,0.468,0.538,0.6,0.652,0.72,0.756,0.747,0.745,0.716,0.716,0.712,0.715,0.72,0.71,0.717,0.73,0.686,0.628,0.571,0.504,0.443,0.395,0.362,0.338,0.314,0.287,0.254,0.216,0.177,0.139,0.106,0.078,0.057,0.042,0.033,0.027,0.025,0.035
Israel,1979,1.533,0.097,0.077,0.061,0.048,0.038,0.031,0.027,0.025,0.023,0.022,0.023,0.025,0.028,0.031,0.035,0.038,0.041,0.044,0.047,0.047,0.048,0.048,0.048,0.048,0.048,0.048,0.048,0.047,0.045,0.043,0.045,0.046,0.045,0.044,0.043,0.044,0.045,0.048,0.051,0.055,0.059,0.065,0.072,0.078,0.087,0.099,0.108,0.122,0.137,0.15,0.167,0.184,0.207,0.234,0.259,0.282,0.293,0.315,0.326,0.316,0.317,0.338,0.399,0.489,0.563,0.627,0.677,0.744,0.777,0.761,0.764,0.745,0.766,0.782,0.749,0.761,0.745,0.751,0.768,0.715,0.647,0.586,0.512,0.446,0.394,0.358,0.332,0.307,0.278,0.243,0.205,0.165,0.127,0.094,0.067,0.047,0.034,0.026,0.022,0.051
Israel,1980,1.401,0.087,0.07,0.058,0.048,0.038,0.032,0.027,0.023,0.021,0.019,0.019,0.019,0.02,0.023,0.027,0.031,0.036,0.041,0.047,0.05,0.051,0.05,0.048,0.046,0.044,0.043,0.044,0.046,0.048,0.049,0.051,0.054,0.054,0.049,0.044,0.039,0.038,0.038,0.042,0.048,0.055,0.064,0.075,0.085,0.093,0.101,0.113,0.12,0.132,0.146,0.158,0.177,0.193,0.218,0.247,0.274,0.298,0.308,0.334,0.348,0.335,0.336,0.358,0.428,0.53,0.608,0.671,0.719,0.796,0.836,0.819,0.821,0.788,0.793,0.802,0.792,0.805,0.782,0.787,0.808,0.744,0.665,0.599,0.518,0.446,0.389,0.351,0.324,0.298,0.267,0.232,0.192,0.152,0.115,0.083,0.056,0.037,0.026,0.02,0.055
Israel,1981,1.417,0.076,0.058,0.045,0.037,0.031,0.026,0.022,0.02,0.019,0.02,0.021,0.022,0.023,0.026,0.03,0.034,0.038,0.041,0.043,0.045,0.045,0.044,0.043,0.042,0.041,0.041,0.042,0.045,0.048,0.05,0.049,0.048,0.049,0.049,0.044,0.04,0.037,0.038,0.04,0.047,0.056,0.065,0.076,0.087,0.097,0.102,0.109,0.121,0.129,0.143,0.16,0.176,0.198,0.217,0.245,0.275,0.299,0.318,0.32,0.341,0.352,0.338,0.342,0.372,0.462,0.589,0.681,0.741,0.771,0.831,0.85,0.814,0.811,0.775,0.809,0.795,0.779,0.789,0.756,0.755,0.776,0.702,0.617,0.55,0.468,0.396,0.34,0.304,0.279,0.254,0.226,0.194,0.159,0.124,0.092,0.064,0.041,0.025,0.016,0.047
Israel,1982,1.36,0.075,0.06,0.048,0.039,0.033,0.027,0.022,0.018,0.016,0.015,0.015,0.016,0.018,0.021,0.027,0.034,0.041,0.044,0.046,0.045,0.045,0.044,0.041,0.041,0.041,0.042,0.043,0.046,0.05,0.053,0.055,0.053,0.052,0.054,0.054,0.05,0.046,0.043,0.044,0.045,0.051,0.058,0.064,0.072,0.08,0.089,0.095,0.105,0.122,0.134,0.154,0.176,0.192,0.213,0.227,0.249,0.275,0.297,0.319,0.327,0.361,0.383,0.372,0.378,0.411,0.511,0.65,0.737,0.789,0.813,0.885,0.92,0.888,0.899,0.862,0.877,0.861,0.841,0.852,0.806,0.803,0.829,0.738,0.639,0.566,0.474,0.395,0.334,0.296,0.271,0.245,0.216,0.184,0.15,0.115,0.083,0.055,0.033,0.018,0.042
Israel,1983,1.353,0.084,0.062,0.047,0.036,0.029,0.024,0.021,0.019,0.017,0.017,0.018,0.02,0.022,0.024,0.028,0.032,0.038,0.042,0.044,0.045,0.044,0.044,0.044,0.042,0.042,0.042,0.043,0.043,0.045,0.048,0.05,0.052,0.049,0.048,0.052,0.054,0.051,0.048,0.047,0.047,0.05,0.056,0.063,0.07,0.078,0.088,0.097,0.103,0.114,0.132,0.143,0.164,0.187,0.204,0.228,0.245,0.271,0.302,0.327,0.349,0.355,0.391,0.413,0.394,0.393,0.421,0.526,0.671,0.755,0.801,0.819,0.893,0.925,0.882,0.877,0.821,0.833,0.812,0.786,0.791,0.734,0.726,0.75,0.654,0.552,0.484,0.397,0.324,0.269,0.236,0.216,0.195,0.172,0.146,0.118,0.09,0.064,0.041,0.022,0.033
Israel,1984,1.199,0.1,0.074,0.055,0.042,0.033,0.027,0.024,0.021,0.019,0.018,0.018,0.019,0.022,0.025,0.028,0.032,0.037,0.043,0.047,0.048,0.047,0.045,0.044,0.042,0.039,0.038,0.038,0.039,0.04,0.042,0.046,0.048,0.05,0.048,0.047,0.051,0.053,0.05,0.047,0.045,0.047,0.05,0.058,0.069,0.08,0.093,0.107,0.12,0.126,0.137,0.153,0.16,0.176,0.196,0.211,0.235,0.253,0.285,0.322,0.354,0.382,0.389,0.423,0.435,0.401,0.389,0.407,0.507,0.655,0.754,0.823,0.859,0.945,0.967,0.889,0.884,0.821,0.83,0.802,0.772,0.776,0.715,0.7,0.717,0.618,0.517,0.447,0.362,0.291,0.238,0.206,0.185,0.164,0.142,0.118,0.093,0.069,0.048,0.03,0.038
Israel,1985,1.112,0.071,0.057,0.045,0.037,0.031,0.026,0.022,0.02,0.018,0.016,0.016,0.017,0.019,0.023,0.027,0.033,0.038,0.044,0.049,0.049,0.047,0.043,0.04,0.039,0.039,0.039,0.039,0.04,0.042,0.043,0.045,0.047,0.048,0.049,0.047,0.046,0.051,0.055,0.055,0.053,0.053,0.055,0.058,0.066,0.075,0.082,0.091,0.101,0.111,0.118,0.13,0.15,0.163,0.185,0.212,0.231,0.259,0.276,0.306,0.341,0.369,0.393,0.398,0.434,0.45,0.42,0.409,0.428,0.528,0.675,0.768,0.829,0.865,0.956,0.989,0.93,0.913,0.832,0.827,0.789,0.75,0.746,0.683,0.67,0.689,0.595,0.496,0.426,0.34,0.268,0.215,0.183,0.162,0.142,0.121,0.099,0.076,0.055,0.037,0.05
Israel,1986,1.067,0.067,0.054,0.043,0.034,0.027,0.022,0.018,0.016,0.014,0.013,0.013,0.014,0.015,0.018,0.023,0.028,0.033,0.037,0.04,0.044,0.045,0.043,0.04,0.038,0.038,0.038,0.037,0.037,0.037,0.037,0.038,0.04,0.044,0.048,0.052,0.052,0.054,0.061,0.065,0.062,0.059,0.057,0.058,0.062,0.072,0.084,0.096,0.11,0.124,0.137,0.143,0.156,0.175,0.184,0.204,0.228,0.245,0.273,0.292,0.328,0.371,0.407,0.44,0.447,0.487,0.503,0.465,0.451,0.474,0.588,0.755,0.86,0.923,0.949,1.032,1.05,0.973,0.948,0.861,0.861,0.834,0.799,0.796,0.725,0.696,0.691,0.57,0.451,0.367,0.281,0.216,0.171,0.146,0.13,0.108,0.089,0.071,0.053,0.038,0.056
Israel,1987,1.006,0.064,0.053,0.044,0.036,0.03,0.025,0.022,0.019,0.018,0.018,0.018,0.019,0.021,0.024,0.029,0.035,0.039,0.042,0.043,0.043,0.043,0.041,0.038,0.035,0.034,0.036,0.037,0.038,0.04,0.042,0.045,0.047,0.049,0.051,0.052,0.051,0.049,0.049,0.055,0.059,0.059,0.057,0.056,0.058,0.061,0.07,0.082,0.094,0.111,0.13,0.15,0.163,0.178,0.198,0.204,0.22,0.24,0.254,0.281,0.304,0.345,0.394,0.433,0.465,0.47,0.508,0.519,0.476,0.46,0.482,0.595,0.762,0.867,0.931,0.956,1.037,1.048,0.961,0.925,0.836,0.829,0.796,0.757,0.747,0.671,0.631,0.612,0.491,0.38,0.307,0.235,0.183,0.147,0.127,0.102,0.085,0.07,0.054,0.04,0.066
Israel,1988,0.912,0.058,0.049,0.042,0.036,0.03,0.025,0.021,0.018,0.016,0.015,0.015,0.016,0.018,0.021,0.026,0.033,0.04,0.044,0.046,0.045,0.043,0.042,0.039,0.036,0.034,0.034,0.036,0.039,0.042,0.047,0.051,0.055,0.058,0.059,0.061,0.061,0.061,0.058,0.058,0.065,0.071,0.071,0.07,0.071,0.074,0.078,0.088,0.098,0.106,0.115,0.125,0.137,0.146,0.163,0.19,0.208,0.236,0.264,0.28,0.302,0.313,0.342,0.379,0.412,0.449,0.467,0.521,0.547,0.51,0.497,0.52,0.637,0.804,0.896,0.941,0.944,1.003,1.001,0.912,0.889,0.814,0.819,0.794,0.755,0.735,0.638,0.573,0.527,0.405,0.306,0.247,0.195,0.158,0.132,0.095,0.079,0.065,0.051,0.039,0.072
Israel,1989,0.872,0.06,0.049,0.041,0.033,0.027,0.022,0.018,0.015,0.014,0.013,0.013,0.014,0.016,0.02,0.025,0.031,0.038,0.044,0.046,0.044,0.041,0.039,0.038,0.038,0.037,0.038,0.039,0.042,0.044,0.046,0.046,0.046,0.046,0.045,0.045,0.046,0.048,0.052,0.055,0.059,0.072,0.081,0.081,0.076,0.071,0.07,0.07,0.077,0.087,0.099,0.114,0.133,0.153,0.167,0.187,0.214,0.226,0.247,0.269,0.278,0.298,0.311,0.342,0.383,0.421,0.459,0.473,0.521,0.54,0.496,0.477,0.497,0.608,0.774,0.876,0.928,0.936,0.992,0.98,0.888,0.859,0.778,0.772,0.737,0.688,0.656,0.561,0.5,0.465,0.366,0.284,0.235,0.185,0.145,0.1,0.079,0.064,0.052,0.041,0.085
Israel,1990,0.877,0.06,0.049,0.041,0.033,0.027,0.022,0.018,0.015,0.012,0.011,0.011,0.011,0.014,0.017,0.022,0.029,0.036,0.043,0.047,0.046,0.043,0.039,0.037,0.036,0.036,0.035,0.036,0.037,0.039,0.041,0.042,0.043,0.045,0.046,0.048,0.05,0.055,0.06,0.065,0.067,0.07,0.08,0.085,0.082,0.076,0.072,0.072,0.075,0.084,0.096,0.109,0.125,0.143,0.161,0.172,0.189,0.214,0.225,0.247,0.273,0.289,0.319,0.342,0.385,0.437,0.479,0.516,0.52,0.557,0.561,0.505,0.479,0.495,0.606,0.774,0.876,0.927,0.93,0.976,0.96,0.864,0.827,0.736,0.714,0.666,0.608,0.573,0.494,0.452,0.437,0.358,0.285,0.236,0.18,0.126,0.092,0.071,0.058,0.046,0.106
Israel,1991,0.859,0.062,0.049,0.04,0.032,0.027,0.023,0.02,0.018,0.016,0.016,0.016,0.017,0.019,0.023,0.026,0.03,0.033,0.037,0.041,0.045,0.046,0.045,0.044,0.042,0.041,0.039,0.037,0.036,0.036,0.038,0.04,0.042,0.045,0.048,0.051,0.055,0.06,0.067,0.074,0.08,0.082,0.084,0.093,0.096,0.089,0.081,0.078,0.08,0.088,0.105,0.125,0.146,0.17,0.19,0.205,0.211,0.223,0.247,0.26,0.288,0.325,0.354,0.4,0.437,0.493,0.554,0.592,0.611,0.595,0.622,0.625,0.574,0.56,0.602,0.766,0.991,1.116,1.151,1.096,1.073,1.002,0.887,0.849,0.763,0.752,0.704,0.636,0.584,0.485,0.429,0.404,0.325,0.258,0.211,0.147,0.103,0.073,0.055,0.043,0.105
Israel,1992,0.977,0.055,0.045,0.037,0.03,0.025,0.021,0.018,0.016,0.015,0.014,0.014,0.015,0.018,0.021,0.026,0.033,0.039,0.045,0.049,0.053,0.054,0.052,0.048,0.044,0.041,0.04,0.039,0.038,0.039,0.041,0.045,0.049,0.051,0.053,0.054,0.056,0.058,0.062,0.068,0.075,0.082,0.086,0.091,0.106,0.114,0.11,0.102,0.099,0.103,0.113,0.131,0.151,0.172,0.197,0.218,0.235,0.244,0.262,0.297,0.319,0.357,0.4,0.431,0.48,0.518,0.574,0.633,0.672,0.695,0.685,0.729,0.744,0.689,0.667,0.696,0.849,1.061,1.163,1.19,1.123,1.103,1.067,0.968,0.933,0.828,0.788,0.706,0.613,0.548,0.451,0.401,0.378,0.304,0.236,0.175,0.122,0.084,0.058,0.043,0.106
Israel,1993,0.857,0.069,0.054,0.043,0.035,0.028,0.023,0.02,0.017,0.015,0.014,0.014,0.014,0.016,0.019,0.024,0.031,0.039,0.045,0.049,0.051,0.052,0.051,0.048,0.044,0.042,0.041,0.041,0.042,0.042,0.043,0.045,0.048,0.051,0.053,0.056,0.059,0.063,0.067,0.072,0.08,0.087,0.093,0.095,0.099,0.113,0.121,0.115,0.106,0.102,0.105,0.115,0.133,0.154,0.176,0.204,0.228,0.247,0.259,0.28,0.319,0.342,0.381,0.426,0.454,0.504,0.54,0.592,0.646,0.684,0.707,0.702,0.755,0.778,0.727,0.704,0.724,0.868,1.068,1.153,1.161,1.089,1.077,1.047,0.949,0.903,0.781,0.72,0.627,0.532,0.472,0.39,0.348,0.33,0.263,0.188,0.141,0.097,0.065,0.044,0.107
Israel,1994,0.844,0.044,0.038,0.033,0.029,0.025,0.021,0.018,0.015,0.013,0.011,0.011,0.011,0.012,0.015,0.02,0.028,0.038,0.049,0.056,0.058,0.058,0.057,0.055,0.052,0.049,0.047,0.046,0.047,0.046,0.045,0.044,0.044,0.046,0.048,0.05,0.054,0.058,0.064,0.071,0.079,0.09,0.1,0.108,0.111,0.115,0.131,0.139,0.131,0.119,0.114,0.117,0.128,0.15,0.174,0.201,0.233,0.26,0.281,0.292,0.311,0.349,0.369,0.405,0.445,0.472,0.523,0.564,0.628,0.7,0.758,0.798,0.795,0.841,0.846,0.765,0.716,0.719,0.861,1.077,1.187,1.221,1.157,1.131,1.061,0.916,0.833,0.7,0.644,0.573,0.502,0.456,0.375,0.324,0.289,0.221,0.159,0.117,0.079,0.052,0.114
Israel,1995,0.775,0.065,0.048,0.036,0.027,0.021,0.017,0.015,0.013,0.012,0.012,0.014,0.016,0.019,0.023,0.029,0.036,0.044,0.053,0.059,0.061,0.06,0.057,0.054,0.051,0.046,0.043,0.041,0.041,0.043,0.045,0.048,0.05,0.053,0.058,0.061,0.063,0.066,0.069,0.073,0.078,0.085,0.094,0.103,0.112,0.116,0.122,0.139,0.147,0.137,0.124,0.116,0.119,0.132,0.158,0.188,0.224,0.265,0.297,0.318,0.326,0.342,0.381,0.403,0.447,0.499,0.536,0.596,0.642,0.705,0.772,0.823,0.853,0.84,0.891,0.901,0.821,0.773,0.776,0.925,1.138,1.232,1.253,1.182,1.156,1.092,0.946,0.851,0.698,0.622,0.532,0.451,0.402,0.332,0.295,0.258,0.191,0.135,0.097,0.064,0.126
Israel,1996,0.721,0.069,0.048,0.034,0.025,0.019,0.015,0.013,0.012,0.012,0.013,0.014,0.016,0.019,0.022,0.026,0.031,0.036,0.043,0.05,0.056,0.059,0.059,0.057,0.054,0.05,0.046,0.043,0.042,0.042,0.045,0.049,0.051,0.054,0.057,0.061,0.064,0.066,0.068,0.071,0.077,0.084,0.092,0.104,0.116,0.128,0.133,0.137,0.153,0.158,0.145,0.13,0.123,0.127,0.147,0.18,0.217,0.259,0.304,0.334,0.35,0.359,0.37,0.407,0.434,0.483,0.539,0.574,0.628,0.676,0.744,0.812,0.855,0.888,0.877,0.91,0.92,0.841,0.792,0.812,0.966,1.173,1.254,1.246,1.138,1.078,0.989,0.84,0.75,0.615,0.548,0.468,0.39,0.338,0.268,0.226,0.198,0.144,0.1,0.07,0.129
Israel,1997,0.762,0.062,0.048,0.038,0.031,0.025,0.021,0.018,0.017,0.016,0.016,0.016,0.017,0.019,0.022,0.025,0.031,0.038,0.047,0.058,0.07,0.08,0.082,0.077,0.069,0.061,0.054,0.048,0.045,0.044,0.046,0.051,0.055,0.058,0.059,0.061,0.064,0.067,0.069,0.073,0.08,0.088,0.097,0.106,0.117,0.127,0.135,0.136,0.139,0.156,0.167,0.159,0.148,0.144,0.151,0.171,0.203,0.235,0.271,0.312,0.341,0.362,0.379,0.402,0.453,0.495,0.556,0.621,0.66,0.715,0.76,0.824,0.886,0.923,0.946,0.927,0.954,0.962,0.883,0.831,0.845,0.991,1.186,1.247,1.221,1.102,1.031,0.936,0.785,0.691,0.559,0.495,0.422,0.355,0.312,0.242,0.202,0.176,0.126,0.086,0.166
Israel,1998,0.76,0.059,0.047,0.037,0.03,0.024,0.019,0.016,0.013,0.012,0.011,0.011,0.013,0.015,0.02,0.026,0.033,0.04,0.047,0.052,0.054,0.055,0.055,0.052,0.05,0.049,0.049,0.05,0.049,0.049,0.048,0.049,0.052,0.054,0.056,0.059,0.064,0.071,0.077,0.081,0.086,0.092,0.1,0.107,0.115,0.126,0.138,0.149,0.154,0.162,0.186,0.204,0.196,0.182,0.176,0.181,0.202,0.236,0.27,0.308,0.356,0.389,0.411,0.429,0.451,0.501,0.539,0.596,0.659,0.697,0.754,0.806,0.876,0.946,0.99,1.012,0.99,1.02,1.028,0.94,0.879,0.885,1.023,1.202,1.243,1.2,1.07,0.997,0.907,0.764,0.674,0.545,0.48,0.406,0.335,0.285,0.222,0.184,0.157,0.111,0.212
Israel,1999,0.753,0.067,0.046,0.033,0.024,0.019,0.016,0.014,0.014,0.014,0.015,0.017,0.019,0.021,0.023,0.026,0.028,0.03,0.033,0.038,0.043,0.047,0.052,0.054,0.053,0.051,0.049,0.049,0.049,0.05,0.052,0.054,0.057,0.06,0.061,0.061,0.061,0.063,0.068,0.075,0.083,0.092,0.102,0.113,0.122,0.13,0.141,0.153,0.166,0.174,0.185,0.215,0.236,0.224,0.203,0.189,0.189,0.206,0.237,0.27,0.312,0.365,0.403,0.43,0.453,0.479,0.533,0.576,0.638,0.706,0.749,0.809,0.862,0.933,1.002,1.047,1.07,1.041,1.062,1.061,0.961,0.883,0.876,1.002,1.17,1.207,1.163,1.034,0.954,0.854,0.706,0.612,0.485,0.421,0.35,0.284,0.238,0.182,0.147,0.124,0.239
Israel,2000,0.746,0.052,0.042,0.034,0.027,0.022,0.018,0.016,0.013,0.012,0.012,0.012,0.014,0.016,0.021,0.028,0.038,0.047,0.055,0.059,0.06,0.057,0.054,0.054,0.054,0.054,0.054,0.055,0.056,0.057,0.056,0.056,0.056,0.058,0.064,0.069,0.074,0.078,0.083,0.089,0.094,0.096,0.101,0.107,0.118,0.129,0.142,0.16,0.176,0.191,0.195,0.2,0.226,0.243,0.228,0.208,0.199,0.204,0.229,0.269,0.309,0.357,0.413,0.448,0.468,0.487,0.508,0.558,0.599,0.658,0.723,0.765,0.829,0.893,0.981,1.07,1.131,1.151,1.105,1.101,1.065,0.938,0.846,0.833,0.957,1.127,1.169,1.123,0.98,0.882,0.768,0.616,0.52,0.405,0.347,0.287,0.227,0.186,0.139,0.11,0.255
Israel,2001,0.7,0.058,0.044,0.034,0.026,0.021,0.017,0.015,0.014,0.014,0.014,0.016,0.018,0.022,0.028,0.036,0.045,0.054,0.062,0.067,0.07,0.071,0.069,0.067,0.067,0.065,0.062,0.059,0.057,0.057,0.057,0.057,0.058,0.059,0.063,0.069,0.074,0.078,0.083,0.088,0.095,0.101,0.104,0.11,0.116,0.126,0.136,0.148,0.165,0.183,0.2,0.207,0.215,0.243,0.261,0.244,0.22,0.209,0.214,0.243,0.288,0.335,0.391,0.455,0.493,0.511,0.528,0.545,0.593,0.631,0.689,0.756,0.8,0.866,0.932,1.018,1.102,1.152,1.159,1.106,1.101,1.069,0.95,0.862,0.849,0.966,1.115,1.127,1.051,0.897,0.791,0.676,0.534,0.443,0.338,0.294,0.234,0.182,0.146,0.108,0.268
Israel,2002,0.76,0.053,0.043,0.036,0.029,0.024,0.02,0.017,0.015,0.014,0.014,0.014,0.015,0.018,0.022,0.029,0.038,0.051,0.064,0.076,0.082,0.085,0.084,0.079,0.074,0.071,0.067,0.063,0.06,0.059,0.06,0.061,0.061,0.061,0.061,0.062,0.067,0.072,0.077,0.084,0.094,0.105,0.116,0.122,0.127,0.133,0.14,0.149,0.16,0.178,0.199,0.219,0.227,0.234,0.262,0.279,0.258,0.234,0.226,0.236,0.273,0.328,0.38,0.435,0.493,0.516,0.519,0.528,0.545,0.601,0.657,0.738,0.83,0.892,0.97,1.039,1.115,1.177,1.202,1.183,1.111,1.102,1.076,0.963,0.881,0.866,0.975,1.105,1.091,0.997,0.833,0.731,0.628,0.501,0.42,0.336,0.279,0.221,0.17,0.136,0.339
Israel,2003,0.727,0.061,0.046,0.036,0.028,0.022,0.018,0.016,0.014,0.013,0.013,0.014,0.016,0.019,0.023,0.028,0.034,0.041,0.049,0.057,0.063,0.067,0.068,0.066,0.06,0.056,0.053,0.051,0.05,0.05,0.052,0.055,0.059,0.061,0.063,0.065,0.068,0.073,0.078,0.082,0.086,0.093,0.102,0.111,0.118,0.126,0.136,0.148,0.159,0.172,0.189,0.206,0.224,0.232,0.244,0.282,0.312,0.298,0.274,0.264,0.27,0.303,0.352,0.398,0.452,0.515,0.549,0.561,0.579,0.598,0.654,0.705,0.78,0.868,0.926,1.005,1.08,1.17,1.245,1.284,1.277,1.212,1.205,1.164,1.018,0.9,0.851,0.921,1.012,0.98,0.886,0.736,0.64,0.543,0.426,0.375,0.283,0.232,0.181,0.137,0.361
Israel,2004,0.662,0.048,0.04,0.033,0.028,0.024,0.021,0.018,0.016,0.015,0.014,0.015,0.016,0.018,0.021,0.026,0.032,0.04,0.048,0.054,0.059,0.061,0.06,0.059,0.058,0.056,0.055,0.056,0.056,0.056,0.055,0.056,0.058,0.06,0.062,0.063,0.065,0.068,0.073,0.078,0.082,0.087,0.094,0.104,0.115,0.124,0.134,0.146,0.16,0.173,0.186,0.205,0.224,0.243,0.253,0.265,0.306,0.336,0.319,0.29,0.276,0.279,0.31,0.358,0.405,0.461,0.529,0.568,0.586,0.609,0.632,0.692,0.743,0.812,0.889,0.936,1.002,1.072,1.164,1.252,1.306,1.306,1.235,1.208,1.136,0.963,0.828,0.769,0.83,0.916,0.894,0.809,0.666,0.568,0.469,0.4,0.332,0.249,0.201,0.155,0.402
Israel,2005,0.618,0.065,0.043,0.029,0.02,0.015,0.012,0.011,0.01,0.01,0.011,0.013,0.016,0.018,0.021,0.025,0.028,0.032,0.038,0.045,0.052,0.059,0.062,0.061,0.058,0.054,0.05,0.048,0.049,0.051,0.052,0.055,0.058,0.061,0.063,0.063,0.064,0.065,0.068,0.075,0.082,0.089,0.098,0.108,0.122,0.134,0.144,0.156,0.17,0.187,0.203,0.219,0.24,0.259,0.275,0.279,0.286,0.325,0.357,0.342,0.316,0.307,0.314,0.35,0.403,0.45,0.504,0.567,0.6,0.613,0.634,0.657,0.721,0.776,0.85,0.932,0.984,1.058,1.136,1.238,1.332,1.382,1.365,1.268,1.219,1.133,0.956,0.823,0.767,0.829,0.908,0.87,0.767,0.612,0.513,0.467,0.371,0.301,0.221,0.175,0.44
Israel,2006,0.588,0.06,0.049,0.039,0.031,0.026,0.022,0.018,0.016,0.014,0.013,0.014,0.015,0.016,0.019,0.023,0.029,0.035,0.042,0.048,0.053,0.055,0.055,0.053,0.05,0.048,0.047,0.047,0.047,0.051,0.054,0.056,0.058,0.058,0.06,0.061,0.061,0.063,0.066,0.072,0.084,0.095,0.105,0.115,0.124,0.133,0.141,0.146,0.154,0.165,0.183,0.201,0.222,0.249,0.277,0.301,0.309,0.316,0.354,0.377,0.347,0.31,0.294,0.298,0.338,0.402,0.466,0.539,0.619,0.66,0.669,0.683,0.697,0.756,0.807,0.88,0.968,1.025,1.1,1.175,1.271,1.349,1.38,1.345,1.237,1.189,1.116,0.953,0.824,0.761,0.799,0.835,0.755,0.629,0.483,0.443,0.373,0.287,0.226,0.16,0.398
Israel,2007,0.581,0.047,0.038,0.032,0.026,0.021,0.018,0.016,0.014,0.014,0.013,0.014,0.015,0.018,0.021,0.026,0.032,0.038,0.043,0.047,0.049,0.049,0.048,0.047,0.045,0.043,0.042,0.042,0.042,0.044,0.047,0.05,0.053,0.056,0.059,0.064,0.068,0.071,0.073,0.074,0.077,0.083,0.089,0.095,0.104,0.115,0.13,0.144,0.155,0.167,0.179,0.196,0.214,0.237,0.268,0.301,0.332,0.344,0.35,0.388,0.408,0.371,0.33,0.313,0.32,0.365,0.436,0.504,0.58,0.662,0.7,0.707,0.721,0.738,0.804,0.863,0.949,1.048,1.112,1.191,1.264,1.358,1.429,1.451,1.409,1.297,1.251,1.17,0.985,0.827,0.731,0.73,0.73,0.644,0.536,0.438,0.371,0.303,0.226,0.172,0.382
Israel,2008,0.595,0.046,0.038,0.032,0.028,0.024,0.02,0.018,0.016,0.014,0.014,0.013,0.014,0.015,0.017,0.022,0.028,0.035,0.043,0.049,0.053,0.054,0.054,0.052,0.049,0.046,0.043,0.042,0.043,0.044,0.047,0.052,0.057,0.059,0.061,0.062,0.064,0.067,0.068,0.071,0.074,0.08,0.09,0.1,0.109,0.12,0.133,0.149,0.164,0.176,0.189,0.203,0.222,0.24,0.259,0.286,0.312,0.336,0.344,0.354,0.401,0.435,0.408,0.37,0.353,0.357,0.399,0.462,0.519,0.586,0.662,0.704,0.718,0.743,0.772,0.85,0.917,1.005,1.101,1.152,1.212,1.267,1.344,1.407,1.431,1.401,1.302,1.257,1.165,0.957,0.775,0.655,0.627,0.606,0.524,0.444,0.346,0.283,0.225,0.162,0.36
Israel,2009,0.613,0.039,0.032,0.027,0.023,0.02,0.018,0.016,0.015,0.014,0.014,0.014,0.015,0.016,0.017,0.019,0.023,0.027,0.033,0.04,0.047,0.051,0.053,0.053,0.051,0.048,0.044,0.042,0.042,0.043,0.045,0.049,0.054,0.058,0.06,0.062,0.064,0.068,0.072,0.074,0.078,0.081,0.087,0.097,0.106,0.114,0.123,0.135,0.149,0.163,0.174,0.188,0.205,0.227,0.251,0.277,0.31,0.341,0.367,0.374,0.378,0.423,0.454,0.424,0.384,0.366,0.37,0.413,0.478,0.537,0.606,0.686,0.732,0.751,0.779,0.81,0.889,0.952,1.03,1.111,1.144,1.187,1.232,1.307,1.376,1.409,1.382,1.273,1.205,1.086,0.864,0.679,0.562,0.534,0.519,0.445,0.364,0.277,0.221,0.172,0.368
Israel,2010,0.605,0.041,0.032,0.025,0.02,0.017,0.015,0.014,0.013,0.013,0.014,0.015,0.016,0.017,0.019,0.022,0.026,0.029,0.033,0.037,0.04,0.043,0.045,0.047,0.049,0.05,0.051,0.052,0.052,0.053,0.054,0.055,0.057,0.06,0.062,0.062,0.063,0.066,0.071,0.077,0.082,0.088,0.092,0.098,0.105,0.111,0.115,0.122,0.134,0.153,0.173,0.192,0.212,0.232,0.253,0.27,0.286,0.31,0.336,0.364,0.379,0.397,0.46,0.51,0.485,0.44,0.418,0.417,0.458,0.523,0.583,0.654,0.738,0.785,0.8,0.823,0.85,0.928,0.992,1.079,1.173,1.223,1.285,1.344,1.423,1.475,1.467,1.383,1.219,1.109,0.97,0.762,0.601,0.506,0.492,0.444,0.375,0.3,0.223,0.174,0.392
Israel,2011,0.562,0.045,0.036,0.029,0.024,0.02,0.017,0.015,0.014,0.012,0.012,0.012,0.013,0.015,0.018,0.021,0.026,0.03,0.035,0.037,0.039,0.039,0.039,0.039,0.039,0.039,0.04,0.041,0.042,0.042,0.043,0.045,0.045,0.047,0.052,0.056,0.059,0.063,0.068,0.074,0.079,0.083,0.087,0.091,0.098,0.109,0.119,0.129,0.141,0.157,0.178,0.198,0.214,0.232,0.251,0.275,0.297,0.323,0.359,0.397,0.435,0.452,0.466,0.526,0.564,0.518,0.457,0.426,0.423,0.468,0.543,0.619,0.709,0.812,0.87,0.887,0.907,0.927,0.999,1.052,1.132,1.225,1.276,1.346,1.415,1.503,1.553,1.531,1.422,1.235,1.113,0.972,0.766,0.605,0.505,0.441,0.407,0.337,0.263,0.191,0.45
Israel,2012,0.585,0.04,0.034,0.028,0.024,0.02,0.017,0.014,0.013,0.012,0.011,0.011,0.012,0.013,0.016,0.019,0.023,0.028,0.033,0.036,0.038,0.039,0.039,0.039,0.039,0.039,0.04,0.041,0.041,0.041,0.042,0.043,0.046,0.049,0.052,0.057,0.062,0.065,0.068,0.072,0.077,0.082,0.086,0.091,0.097,0.106,0.12,0.133,0.144,0.157,0.172,0.192,0.21,0.225,0.243,0.263,0.29,0.315,0.343,0.378,0.413,0.445,0.456,0.466,0.528,0.573,0.54,0.491,0.472,0.482,0.545,0.637,0.723,0.818,0.916,0.958,0.958,0.968,0.984,1.066,1.138,1.243,1.361,1.423,1.488,1.529,1.571,1.563,1.487,1.349,1.161,1.053,0.934,0.744,0.587,0.437,0.389,0.351,0.284,0.217,0.488
Israel,2013,0.513,0.047,0.036,0.028,0.022,0.017,0.014,0.012,0.011,0.011,0.011,0.012,0.014,0.016,0.018,0.021,0.024,0.026,0.028,0.031,0.033,0.035,0.036,0.037,0.038,0.039,0.04,0.041,0.043,0.045,0.047,0.047,0.049,0.051,0.053,0.056,0.061,0.065,0.068,0.07,0.073,0.078,0.084,0.089,0.095,0.102,0.113,0.129,0.144,0.159,0.174,0.192,0.216,0.238,0.255,0.275,0.298,0.325,0.351,0.377,0.413,0.448,0.481,0.493,0.505,0.572,0.622,0.584,0.528,0.502,0.503,0.557,0.641,0.717,0.805,0.904,0.954,0.969,0.994,1.026,1.127,1.206,1.306,1.403,1.427,1.446,1.444,1.457,1.445,1.391,1.287,1.127,1.024,0.886,0.671,0.487,0.372,0.325,0.288,0.227,0.527
Israel,2014,0.528,0.047,0.037,0.03,0.024,0.019,0.016,0.014,0.012,0.012,0.012,0.012,0.013,0.016,0.019,0.023,0.028,0.033,0.039,0.044,0.048,0.05,0.049,0.047,0.044,0.041,0.039,0.038,0.039,0.041,0.043,0.046,0.049,0.052,0.056,0.059,0.063,0.069,0.074,0.078,0.081,0.085,0.092,0.098,0.103,0.108,0.113,0.124,0.139,0.153,0.167,0.183,0.202,0.226,0.247,0.264,0.284,0.307,0.339,0.37,0.403,0.445,0.484,0.517,0.523,0.529,0.593,0.643,0.607,0.555,0.538,0.548,0.612,0.706,0.789,0.883,0.988,1.042,1.059,1.09,1.122,1.223,1.29,1.37,1.44,1.435,1.432,1.419,1.433,1.428,1.384,1.284,1.115,0.995,0.837,0.624,0.449,0.338,0.289,0.251,0.612
Israel,2015,0.524,0.038,0.031,0.025,0.021,0.018,0.016,0.014,0.014,0.014,0.014,0.016,0.018,0.019,0.021,0.024,0.026,0.03,0.033,0.037,0.04,0.042,0.043,0.043,0.041,0.04,0.039,0.039,0.04,0.042,0.045,0.048,0.049,0.049,0.049,0.049,0.05,0.053,0.06,0.068,0.077,0.087,0.096,0.105,0.112,0.114,0.117,0.121,0.133,0.155,0.179,0.203,0.227,0.25,0.272,0.287,0.292,0.301,0.317,0.344,0.375,0.414,0.468,0.523,0.577,0.604,0.628,0.713,0.774,0.722,0.646,0.609,0.607,0.67,0.774,0.874,0.991,1.12,1.183,1.191,1.202,1.212,1.3,1.362,1.449,1.534,1.537,1.531,1.498,1.474,1.421,1.327,1.189,1.005,0.88,0.737,0.531,0.372,0.271,0.225,0.612
Israel,2016,0.52,0.034,0.03,0.027,0.024,0.021,0.018,0.016,0.014,0.013,0.013,0.013,0.015,0.017,0.019,0.024,0.029,0.034,0.038,0.04,0.04,0.038,0.037,0.037,0.037,0.039,0.041,0.042,0.044,0.045,0.047,0.048,0.05,0.052,0.054,0.058,0.062,0.067,0.072,0.08,0.087,0.092,0.097,0.102,0.109,0.117,0.122,0.129,0.137,0.15,0.169,0.186,0.202,0.218,0.238,0.263,0.286,0.304,0.328,0.355,0.392,0.428,0.466,0.516,0.563,0.608,0.627,0.644,0.728,0.789,0.738,0.664,0.631,0.632,0.702,0.81,0.912,1.032,1.163,1.225,1.231,1.241,1.252,1.336,1.383,1.443,1.496,1.468,1.437,1.39,1.361,1.309,1.22,1.082,0.897,0.782,0.637,0.451,0.309,0.221,0.628
Israel,2017,0.531,0.043,0.036,0.03,0.025,0.021,0.017,0.015,0.013,0.011,0.01,0.01,0.011,0.014,0.017,0.022,0.029,0.036,0.041,0.045,0.045,0.043,0.04,0.039,0.037,0.037,0.037,0.039,0.042,0.045,0.049,0.053,0.055,0.057,0.057,0.055,0.056,0.058,0.061,0.067,0.078,0.089,0.098,0.106,0.113,0.122,0.129,0.134,0.14,0.147,0.16,0.181,0.2,0.217,0.237,0.259,0.288,0.314,0.334,0.359,0.387,0.424,0.46,0.5,0.556,0.61,0.662,0.685,0.705,0.794,0.855,0.795,0.712,0.675,0.677,0.754,0.872,0.984,1.114,1.252,1.308,1.302,1.304,1.307,1.39,1.438,1.505,1.563,1.533,1.49,1.416,1.344,1.237,1.093,0.919,0.788,0.661,0.523,0.36,0.24,0.6
Israel,2018,0.53,0.038,0.03,0.025,0.02,0.017,0.015,0.013,0.012,0.011,0.01,0.011,0.012,0.013,0.017,0.021,0.026,0.032,0.037,0.041,0.042,0.042,0.041,0.041,0.042,0.042,0.044,0.045,0.045,0.046,0.046,0.046,0.047,0.048,0.051,0.053,0.057,0.062,0.068,0.074,0.082,0.093,0.102,0.107,0.111,0.116,0.124,0.133,0.143,0.155,0.169,0.189,0.215,0.235,0.249,0.263,0.279,0.303,0.327,0.349,0.379,0.415,0.461,0.504,0.548,0.606,0.659,0.71,0.731,0.751,0.849,0.921,0.86,0.771,0.728,0.726,0.801,0.92,1.035,1.171,1.319,1.379,1.369,1.359,1.343,1.404,1.429,1.471,1.511,1.465,1.404,1.309,1.212,1.087,0.938,0.851,0.681,0.559,0.435,0.293,0.631
Israel,2019,0.505,0.05,0.035,0.025,0.019,0.014,0.011,0.009,0.009,0.008,0.009,0.01,0.012,0.015,0.018,0.024,0.03,0.036,0.04,0.042,0.041,0.039,0.038,0.037,0.038,0.041,0.044,0.046,0.048,0.048,0.049,0.049,0.05,0.053,0.058,0.064,0.069,0.073,0.077,0.08,0.081,0.083,0.09,0.097,0.103,0.112,0.123,0.138,0.152,0.162,0.172,0.179,0.193,0.215,0.235,0.254,0.277,0.306,0.343,0.378,0.404,0.435,0.469,0.511,0.549,0.589,0.643,0.695,0.745,0.766,0.789,0.897,0.981,0.927,0.843,0.807,0.812,0.899,1.028,1.143,1.274,1.414,1.464,1.447,1.44,1.431,1.504,1.525,1.55,1.55,1.449,1.335,1.202,1.091,0.974,0.908,0.765,0.598,0.481,0.365,0.711
Israel,2020,0.384,0.034,0.027,0.021,0.017,0.014,0.012,0.011,0.011,0.011,0.012,0.013,0.014,0.015,0.017,0.019,0.023,0.026,0.03,0.035,0.039,0.043,0.045,0.044,0.042,0.04,0.039,0.038,0.039,0.041,0.045,0.049,0.052,0.056,0.059,0.061,0.063,0.066,0.068,0.072,0.078,0.083,0.09,0.101,0.112,0.12,0.129,0.139,0.153,0.168,0.18,0.193,0.203,0.22,0.243,0.263,0.282,0.305,0.336,0.378,0.42,0.453,0.49,0.528,0.572,0.61,0.651,0.712,0.775,0.843,0.882,0.922,1.057,1.156,1.083,0.969,0.911,0.904,0.994,1.137,1.275,1.436,1.607,1.666,1.636,1.606,1.566,1.608,1.592,1.576,1.535,1.4,1.26,1.115,1.001,0.937,0.819,0.674,0.514,0.403,0.825
Israel,2021,0.494,0.05,0.037,0.028,0.021,0.017,0.014,0.012,0.011,0.01,0.011,0.012,0.013,0.015,0.017,0.021,0.025,0.03,0.035,0.039,0.043,0.046,0.048,0.048,0.048,0.048,0.048,0.048,0.049,0.05,0.052,0.054,0.056,0.058,0.061,0.064,0.067,0.071,0.076,0.08,0.087,0.095,0.101,0.108,0.119,0.128,0.135,0.143,0.153,0.17,0.188,0.203,0.219,0.23,0.247,0.272,0.292,0.31,0.334,0.367,0.411,0.455,0.489,0.528,0.568,0.618,0.667,0.724,0.808,0.895,0.985,1.031,1.066,1.197,1.274,1.163,1.023,0.956,0.955,1.064,1.238,1.404,1.584,1.755,1.785,1.713,1.644,1.571,1.587,1.548,1.51,1.446,1.294,1.146,1.003,0.927,0.825,0.705,0.567,0.422,0.932
Israel,2022,0.474,0.042,0.033,0.026,0.021,0.017,0.014,0.013,0.012,0.011,0.012,0.012,0.014,0.015,0.017,0.02,0.024,0.028,0.034,0.039,0.043,0.047,0.049,0.05,0.051,0.05,0.048,0.047,0.047,0.046,0.046,0.047,0.049,0.051,0.055,0.06,0.065,0.07,0.075,0.079,0.082,0.086,0.092,0.097,0.106,0.12,0.134,0.145,0.154,0.164,0.177,0.189,0.199,0.211,0.223,0.245,0.276,0.303,0.326,0.35,0.38,0.419,0.457,0.49,0.534,0.586,0.653,0.716,0.781,0.862,0.935,1.0,1.02,1.038,1.164,1.257,1.178,1.069,1.029,1.049,1.181,1.37,1.534,1.704,1.861,1.872,1.784,1.701,1.614,1.61,1.54,1.466,1.371,1.203,1.049,0.933,0.829,0.721,0.601,0.47,1.02
Israel,2023,0.481,0.078,0.054,0.04,0.032,0.026,0.021,0.018,0.016,0.015,0.014,0.015,0.017,0.02,0.025,0.032,0.041,0.049,0.059,0.069,0.075,0.078,0.08,0.079,0.079,0.079,0.08,0.081,0.081,0.081,0.081,0.08,0.08,0.081,0.082,0.085,0.088,0.093,0.098,0.103,0.106,0.109,0.114,0.12,0.127,0.137,0.155,0.173,0.188,0.202,0.217,0.236,0.252,0.262,0.273,0.281,0.3,0.33,0.355,0.377,0.401,0.433,0.475,0.517,0.549,0.59,0.636,0.694,0.751,0.818,0.908,0.994,1.078,1.113,1.148,1.303,1.42,1.333,1.208,1.154,1.156,1.261,1.409,1.525,1.659,1.801,1.822,1.754,1.688,1.602,1.577,1.466,1.338,1.193,0.999,0.903,0.773,0.67,0.567,0.461,1.052
State of Palestine,1950,6.463,1.351,0.809,0.502,0.319,0.214,0.153,0.118,0.098,0.088,0.083,0.083,0.084,0.085,0.088,0.091,0.094,0.097,0.101,0.105,0.108,0.11,0.109,0.108,0.106,0.103,0.1,0.098,0.095,0.093,0.091,0.09,0.088,0.087,0.086,0.085,0.085,0.085,0.086,0.087,0.089,0.091,0.093,0.093,0.093,0.093,0.093,0.094,0.098,0.102,0.107,0.113,0.118,0.125,0.132,0.14,0.148,0.156,0.162,0.166,0.17,0.175,0.18,0.184,0.189,0.192,0.194,0.197,0.203,0.212,0.221,0.23,0.237,0.235,0.226,0.215,0.202,0.186,0.171,0.155,0.136,0.113,0.092,0.079,0.071,0.063,0.056,0.049,0.041,0.031,0.022,0.017,0.014,0.01,0.006,0.003,0.003,0.002,0.002,0.001,0.001
State of Palestine,1951,6.461,1.357,0.807,0.496,0.32,0.214,0.153,0.118,0.098,0.087,0.083,0.082,0.083,0.086,0.089,0.092,0.095,0.099,0.103,0.107,0.11,0.112,0.111,0.108,0.106,0.103,0.1,0.097,0.096,0.094,0.092,0.09,0.089,0.087,0.086,0.085,0.084,0.084,0.084,0.085,0.087,0.089,0.09,0.092,0.092,0.091,0.092,0.093,0.095,0.099,0.104,0.109,0.114,0.119,0.125,0.132,0.14,0.149,0.158,0.165,0.169,0.174,0.178,0.181,0.185,0.188,0.191,0.193,0.196,0.202,0.21,0.219,0.227,0.232,0.229,0.218,0.206,0.191,0.174,0.158,0.142,0.123,0.101,0.081,0.068,0.06,0.052,0.045,0.039,0.032,0.023,0.016,0.012,0.01,0.007,0.004,0.002,0.002,0.001,0.001,0.001
State of Palestine,1952,6.48,1.353,0.812,0.496,0.316,0.215,0.154,0.118,0.098,0.087,0.083,0.082,0.083,0.086,0.09,0.093,0.096,0.1,0.104,0.109,0.112,0.114,0.113,0.11,0.106,0.103,0.1,0.097,0.095,0.094,0.092,0.091,0.089,0.088,0.086,0.085,0.084,0.083,0.083,0.083,0.085,0.086,0.088,0.089,0.09,0.091,0.091,0.092,0.094,0.096,0.1,0.105,0.11,0.115,0.119,0.125,0.133,0.141,0.151,0.162,0.169,0.173,0.177,0.18,0.182,0.184,0.188,0.19,0.192,0.195,0.201,0.209,0.216,0.223,0.226,0.221,0.208,0.195,0.179,0.162,0.145,0.129,0.11,0.089,0.07,0.058,0.05,0.042,0.036,0.031,0.024,0.017,0.012,0.008,0.007,0.005,0.003,0.001,0.001,0.001,0.001
State of Palestine,1953,6.501,1.353,0.81,0.499,0.316,0.213,0.154,0.119,0.099,0.088,0.083,0.081,0.082,0.085,0.089,0.094,0.098,0.101,0.106,0.11,0.114,0.116,0.115,0.112,0.108,0.103,0.1,0.097,0.095,0.094,0.093,0.091,0.09,0.088,0.086,0.085,0.083,0.083,0.083,0.082,0.083,0.084,0.085,0.087,0.088,0.089,0.09,0.091,0.092,0.095,0.098,0.102,0.107,0.111,0.115,0.119,0.126,0.134,0.143,0.154,0.165,0.172,0.176,0.179,0.181,0.182,0.184,0.187,0.19,0.191,0.194,0.2,0.206,0.212,0.217,0.218,0.211,0.198,0.183,0.167,0.149,0.132,0.115,0.097,0.077,0.059,0.048,0.041,0.034,0.028,0.023,0.018,0.013,0.008,0.006,0.005,0.003,0.002,0.001,0.001,0.001
State of Palestine,1954,6.529,1.35,0.81,0.497,0.319,0.213,0.152,0.119,0.099,0.088,0.083,0.081,0.082,0.085,0.089,0.094,0.099,0.103,0.107,0.112,0.116,0.118,0.117,0.114,0.11,0.105,0.1,0.097,0.095,0.094,0.093,0.092,0.09,0.089,0.087,0.085,0.083,0.082,0.082,0.082,0.082,0.082,0.083,0.084,0.085,0.087,0.089,0.09,0.091,0.094,0.097,0.1,0.103,0.108,0.112,0.115,0.12,0.127,0.136,0.146,0.158,0.169,0.176,0.178,0.18,0.181,0.181,0.183,0.186,0.189,0.191,0.193,0.198,0.203,0.207,0.21,0.209,0.2,0.186,0.17,0.153,0.135,0.118,0.101,0.084,0.065,0.049,0.039,0.032,0.026,0.021,0.017,0.013,0.009,0.006,0.004,0.003,0.002,0.001,0.0,0.001
State of Palestine,1955,6.554,1.347,0.808,0.498,0.317,0.214,0.152,0.118,0.099,0.088,0.083,0.081,0.082,0.084,0.088,0.093,0.098,0.104,0.109,0.113,0.117,0.119,0.119,0.116,0.112,0.107,0.102,0.098,0.095,0.094,0.092,0.092,0.091,0.089,0.087,0.086,0.084,0.083,0.082,0.082,0.082,0.081,0.082,0.082,0.083,0.084,0.086,0.089,0.091,0.093,0.095,0.098,0.101,0.104,0.108,0.112,0.116,0.121,0.129,0.139,0.15,0.162,0.172,0.178,0.179,0.18,0.181,0.181,0.183,0.186,0.189,0.19,0.191,0.194,0.198,0.2,0.201,0.199,0.189,0.173,0.157,0.139,0.121,0.104,0.088,0.072,0.054,0.04,0.031,0.025,0.02,0.016,0.013,0.009,0.006,0.004,0.003,0.002,0.001,0.001,0.001
State of Palestine,1956,6.576,1.339,0.805,0.496,0.317,0.213,0.153,0.117,0.098,0.088,0.083,0.081,0.082,0.084,0.087,0.092,0.097,0.103,0.11,0.115,0.119,0.121,0.12,0.118,0.114,0.109,0.104,0.099,0.096,0.094,0.092,0.091,0.091,0.09,0.088,0.086,0.084,0.083,0.082,0.081,0.081,0.081,0.081,0.081,0.081,0.082,0.084,0.086,0.089,0.092,0.094,0.097,0.099,0.102,0.105,0.108,0.113,0.117,0.123,0.132,0.142,0.153,0.165,0.174,0.179,0.179,0.18,0.18,0.181,0.183,0.186,0.188,0.188,0.188,0.189,0.191,0.191,0.191,0.187,0.176,0.159,0.142,0.125,0.107,0.09,0.075,0.06,0.045,0.032,0.024,0.019,0.015,0.012,0.009,0.007,0.004,0.003,0.002,0.001,0.001,0.001
State of Palestine,1957,6.593,1.328,0.801,0.494,0.316,0.213,0.152,0.118,0.097,0.086,0.082,0.081,0.081,0.083,0.087,0.091,0.097,0.103,0.109,0.116,0.12,0.122,0.122,0.119,0.115,0.11,0.105,0.101,0.097,0.094,0.092,0.091,0.09,0.089,0.088,0.087,0.085,0.083,0.082,0.081,0.081,0.08,0.08,0.08,0.079,0.08,0.082,0.084,0.087,0.091,0.094,0.096,0.098,0.1,0.102,0.105,0.109,0.114,0.119,0.126,0.135,0.145,0.156,0.167,0.175,0.179,0.179,0.179,0.18,0.18,0.182,0.185,0.187,0.185,0.184,0.183,0.183,0.182,0.179,0.174,0.162,0.145,0.128,0.11,0.093,0.077,0.063,0.049,0.036,0.025,0.019,0.014,0.011,0.008,0.006,0.004,0.003,0.002,0.001,0.001,0.001
State of Palestine,1958,6.603,1.315,0.795,0.492,0.315,0.212,0.152,0.117,0.098,0.086,0.081,0.08,0.081,0.083,0.087,0.091,0.096,0.102,0.108,0.115,0.121,0.124,0.123,0.12,0.116,0.112,0.107,0.102,0.099,0.095,0.092,0.091,0.09,0.089,0.088,0.087,0.085,0.084,0.082,0.081,0.081,0.08,0.079,0.079,0.078,0.078,0.08,0.082,0.084,0.088,0.092,0.095,0.097,0.099,0.101,0.103,0.106,0.11,0.116,0.121,0.128,0.138,0.148,0.158,0.167,0.176,0.179,0.179,0.179,0.18,0.18,0.182,0.184,0.184,0.181,0.178,0.176,0.174,0.171,0.167,0.161,0.148,0.13,0.113,0.096,0.079,0.064,0.052,0.039,0.028,0.019,0.014,0.011,0.008,0.006,0.004,0.003,0.002,0.001,0.001,0.001
State of Palestine,1959,6.605,1.299,0.788,0.489,0.314,0.212,0.152,0.117,0.097,0.086,0.08,0.078,0.08,0.082,0.086,0.091,0.096,0.101,0.107,0.114,0.12,0.125,0.125,0.121,0.118,0.113,0.108,0.104,0.1,0.097,0.094,0.091,0.09,0.089,0.087,0.086,0.085,0.084,0.083,0.082,0.081,0.08,0.079,0.078,0.078,0.077,0.078,0.08,0.082,0.085,0.09,0.094,0.096,0.098,0.099,0.101,0.103,0.107,0.112,0.118,0.124,0.131,0.14,0.15,0.159,0.168,0.176,0.179,0.179,0.179,0.18,0.18,0.18,0.181,0.18,0.176,0.171,0.167,0.164,0.16,0.154,0.147,0.133,0.115,0.099,0.082,0.066,0.053,0.041,0.031,0.022,0.015,0.01,0.008,0.005,0.004,0.003,0.002,0.001,0.001,0.001
State of Palestine,1960,6.585,1.279,0.779,0.485,0.312,0.211,0.151,0.116,0.096,0.085,0.08,0.078,0.078,0.082,0.086,0.09,0.095,0.101,0.107,0.113,0.119,0.123,0.125,0.123,0.118,0.114,0.109,0.105,0.101,0.098,0.095,0.092,0.09,0.088,0.087,0.086,0.085,0.084,0.083,0.082,0.081,0.08,0.079,0.078,0.077,0.077,0.077,0.078,0.08,0.083,0.087,0.091,0.095,0.097,0.098,0.1,0.102,0.104,0.108,0.114,0.121,0.127,0.134,0.142,0.15,0.159,0.167,0.175,0.179,0.179,0.179,0.18,0.178,0.178,0.177,0.174,0.169,0.163,0.158,0.154,0.148,0.141,0.132,0.118,0.101,0.084,0.069,0.055,0.043,0.033,0.024,0.016,0.011,0.007,0.005,0.004,0.003,0.002,0.001,0.001,0.001
State of Palestine,1961,6.547,1.256,0.769,0.48,0.31,0.209,0.15,0.116,0.095,0.084,0.079,0.077,0.077,0.08,0.085,0.09,0.095,0.1,0.106,0.112,0.118,0.122,0.124,0.123,0.119,0.114,0.11,0.106,0.102,0.099,0.096,0.093,0.09,0.088,0.086,0.085,0.084,0.083,0.083,0.082,0.081,0.08,0.079,0.077,0.076,0.076,0.076,0.077,0.078,0.081,0.084,0.088,0.092,0.095,0.098,0.099,0.1,0.103,0.106,0.111,0.117,0.123,0.129,0.135,0.142,0.151,0.159,0.167,0.175,0.179,0.179,0.179,0.178,0.176,0.174,0.171,0.168,0.161,0.154,0.148,0.142,0.135,0.127,0.117,0.103,0.086,0.071,0.057,0.044,0.034,0.025,0.018,0.012,0.008,0.005,0.004,0.002,0.002,0.001,0.001,0.001
State of Palestine,1962,6.502,1.229,0.756,0.474,0.306,0.207,0.149,0.115,0.095,0.084,0.078,0.076,0.077,0.079,0.083,0.089,0.094,0.1,0.105,0.111,0.116,0.12,0.121,0.121,0.119,0.115,0.11,0.106,0.102,0.099,0.096,0.093,0.091,0.088,0.086,0.084,0.083,0.082,0.082,0.081,0.081,0.079,0.078,0.077,0.076,0.075,0.075,0.076,0.077,0.079,0.082,0.085,0.089,0.092,0.096,0.098,0.099,0.101,0.104,0.108,0.113,0.119,0.126,0.131,0.136,0.143,0.15,0.158,0.167,0.176,0.179,0.179,0.178,0.176,0.172,0.169,0.165,0.16,0.152,0.144,0.137,0.13,0.121,0.113,0.102,0.088,0.073,0.059,0.046,0.035,0.026,0.019,0.013,0.009,0.005,0.003,0.002,0.002,0.001,0.001,0.001
State of Palestine,1963,6.434,1.202,0.741,0.466,0.302,0.205,0.147,0.113,0.094,0.083,0.077,0.075,0.076,0.078,0.082,0.086,0.093,0.098,0.104,0.11,0.115,0.118,0.119,0.119,0.117,0.114,0.11,0.106,0.102,0.099,0.096,0.094,0.091,0.089,0.086,0.083,0.082,0.081,0.08,0.08,0.08,0.079,0.078,0.077,0.076,0.075,0.075,0.075,0.076,0.078,0.08,0.083,0.086,0.089,0.093,0.096,0.098,0.1,0.103,0.106,0.11,0.115,0.121,0.127,0.132,0.136,0.143,0.15,0.158,0.167,0.176,0.179,0.177,0.175,0.172,0.167,0.162,0.158,0.151,0.143,0.133,0.125,0.117,0.108,0.098,0.088,0.074,0.06,0.047,0.036,0.027,0.02,0.014,0.01,0.006,0.004,0.002,0.002,0.001,0.001,0.001
State of Palestine,1964,6.347,1.172,0.725,0.457,0.297,0.202,0.145,0.112,0.093,0.082,0.076,0.074,0.074,0.077,0.081,0.085,0.09,0.097,0.103,0.109,0.114,0.117,0.117,0.116,0.114,0.112,0.109,0.106,0.102,0.099,0.096,0.094,0.091,0.089,0.086,0.083,0.081,0.08,0.079,0.079,0.079,0.079,0.078,0.077,0.075,0.075,0.074,0.074,0.075,0.077,0.079,0.081,0.084,0.087,0.09,0.093,0.096,0.099,0.102,0.105,0.109,0.113,0.117,0.123,0.128,0.132,0.136,0.142,0.15,0.158,0.167,0.175,0.177,0.175,0.172,0.167,0.161,0.155,0.149,0.142,0.132,0.122,0.113,0.104,0.094,0.084,0.074,0.061,0.049,0.038,0.028,0.02,0.015,0.01,0.007,0.004,0.002,0.001,0.001,0.001,0.001
State of Palestine,1965,6.199,1.127,0.701,0.443,0.289,0.197,0.142,0.11,0.09,0.08,0.074,0.072,0.073,0.075,0.078,0.084,0.088,0.094,0.101,0.107,0.112,0.114,0.115,0.113,0.111,0.109,0.106,0.104,0.101,0.097,0.095,0.092,0.09,0.088,0.085,0.083,0.081,0.078,0.077,0.077,0.077,0.077,0.076,0.076,0.074,0.074,0.073,0.073,0.074,0.075,0.077,0.079,0.081,0.083,0.086,0.089,0.093,0.097,0.1,0.103,0.106,0.11,0.114,0.118,0.122,0.127,0.13,0.135,0.141,0.149,0.157,0.165,0.172,0.174,0.17,0.165,0.16,0.152,0.145,0.138,0.13,0.12,0.109,0.099,0.09,0.08,0.071,0.061,0.049,0.038,0.029,0.021,0.015,0.01,0.007,0.005,0.003,0.002,0.001,0.001,0.001
State of Palestine,1966,6.016,1.08,0.673,0.427,0.279,0.191,0.138,0.107,0.088,0.078,0.072,0.07,0.07,0.073,0.076,0.081,0.086,0.091,0.097,0.104,0.109,0.112,0.112,0.11,0.108,0.105,0.102,0.1,0.099,0.096,0.093,0.091,0.089,0.087,0.084,0.082,0.08,0.078,0.076,0.075,0.075,0.074,0.074,0.074,0.073,0.072,0.072,0.072,0.072,0.073,0.075,0.077,0.078,0.08,0.083,0.085,0.088,0.092,0.097,0.101,0.104,0.107,0.11,0.113,0.117,0.121,0.125,0.129,0.133,0.139,0.147,0.154,0.162,0.168,0.168,0.163,0.157,0.151,0.143,0.135,0.127,0.118,0.107,0.096,0.086,0.077,0.067,0.058,0.049,0.039,0.029,0.022,0.016,0.011,0.007,0.005,0.003,0.002,0.001,0.001,0.001
State of Palestine,1967,5.777,1.021,0.639,0.407,0.267,0.183,0.132,0.102,0.085,0.075,0.069,0.068,0.068,0.072,0.08,0.091,0.102,0.114,0.128,0.146,0.164,0.174,0.175,0.17,0.164,0.158,0.153,0.148,0.144,0.14,0.134,0.128,0.123,0.118,0.113,0.109,0.104,0.1,0.096,0.093,0.091,0.09,0.088,0.087,0.086,0.085,0.083,0.083,0.082,0.082,0.083,0.084,0.085,0.086,0.087,0.089,0.092,0.095,0.099,0.104,0.107,0.11,0.112,0.115,0.117,0.12,0.124,0.128,0.131,0.135,0.141,0.148,0.154,0.16,0.164,0.163,0.157,0.15,0.142,0.133,0.124,0.116,0.106,0.095,0.084,0.074,0.064,0.055,0.046,0.038,0.03,0.022,0.016,0.011,0.007,0.005,0.003,0.002,0.001,0.001,0.001
State of Palestine,1968,5.501,0.958,0.602,0.385,0.253,0.174,0.126,0.097,0.081,0.071,0.066,0.064,0.064,0.066,0.07,0.074,0.079,0.084,0.09,0.094,0.099,0.103,0.104,0.102,0.099,0.096,0.093,0.091,0.089,0.088,0.087,0.085,0.083,0.081,0.079,0.077,0.075,0.073,0.072,0.07,0.069,0.068,0.068,0.068,0.068,0.068,0.068,0.068,0.068,0.069,0.07,0.071,0.073,0.074,0.075,0.077,0.079,0.082,0.086,0.09,0.095,0.099,0.102,0.104,0.107,0.108,0.111,0.115,0.119,0.122,0.126,0.131,0.138,0.143,0.148,0.152,0.15,0.143,0.136,0.128,0.118,0.109,0.1,0.09,0.079,0.069,0.059,0.051,0.043,0.035,0.028,0.022,0.016,0.011,0.007,0.005,0.003,0.002,0.001,0.001,0.001
State of Palestine,1969,5.229,0.896,0.566,0.363,0.24,0.165,0.12,0.093,0.077,0.068,0.063,0.061,0.061,0.063,0.067,0.071,0.075,0.08,0.085,0.091,0.095,0.097,0.099,0.098,0.095,0.092,0.089,0.086,0.084,0.083,0.082,0.082,0.08,0.078,0.076,0.075,0.073,0.071,0.07,0.068,0.067,0.066,0.065,0.065,0.065,0.065,0.065,0.066,0.066,0.067,0.068,0.069,0.07,0.071,0.072,0.073,0.075,0.078,0.081,0.085,0.089,0.095,0.098,0.1,0.102,0.104,0.106,0.108,0.112,0.116,0.119,0.122,0.127,0.132,0.136,0.14,0.142,0.14,0.132,0.124,0.116,0.106,0.096,0.087,0.077,0.067,0.057,0.048,0.04,0.033,0.027,0.021,0.016,0.011,0.008,0.005,0.003,0.002,0.001,0.001,0.001
State of Palestine,1970,5.011,0.845,0.535,0.345,0.229,0.158,0.115,0.089,0.074,0.065,0.061,0.059,0.059,0.061,0.064,0.068,0.073,0.077,0.082,0.087,0.092,0.094,0.094,0.094,0.092,0.089,0.086,0.083,0.081,0.079,0.078,0.078,0.078,0.076,0.074,0.073,0.071,0.07,0.068,0.067,0.066,0.065,0.063,0.063,0.063,0.063,0.063,0.064,0.065,0.065,0.066,0.067,0.068,0.069,0.07,0.071,0.073,0.074,0.077,0.081,0.085,0.089,0.094,0.098,0.099,0.101,0.103,0.104,0.106,0.11,0.114,0.117,0.119,0.122,0.127,0.13,0.132,0.134,0.13,0.122,0.114,0.105,0.094,0.084,0.075,0.066,0.056,0.046,0.038,0.031,0.025,0.02,0.015,0.011,0.008,0.005,0.003,0.002,0.001,0.001,0.001
State of Palestine,1971,4.853,0.806,0.512,0.331,0.22,0.152,0.111,0.086,0.072,0.063,0.059,0.057,0.057,0.059,0.062,0.067,0.071,0.076,0.08,0.085,0.089,0.092,0.092,0.09,0.09,0.087,0.084,0.081,0.079,0.077,0.076,0.075,0.075,0.075,0.073,0.071,0.07,0.068,0.067,0.066,0.065,0.064,0.063,0.062,0.061,0.062,0.062,0.062,0.064,0.065,0.066,0.067,0.068,0.068,0.069,0.07,0.072,0.073,0.075,0.078,0.082,0.086,0.09,0.095,0.098,0.099,0.101,0.102,0.104,0.106,0.11,0.113,0.115,0.117,0.119,0.123,0.125,0.126,0.127,0.122,0.113,0.104,0.095,0.084,0.074,0.065,0.055,0.046,0.037,0.03,0.024,0.019,0.015,0.011,0.008,0.005,0.003,0.002,0.001,0.001,0.001
State of Palestine,1972,4.756,0.774,0.495,0.321,0.214,0.149,0.109,0.085,0.07,0.062,0.058,0.056,0.056,0.058,0.061,0.066,0.07,0.075,0.079,0.084,0.088,0.09,0.091,0.089,0.086,0.085,0.082,0.08,0.078,0.076,0.074,0.073,0.073,0.072,0.072,0.071,0.069,0.068,0.067,0.066,0.065,0.064,0.063,0.062,0.061,0.061,0.061,0.062,0.063,0.064,0.066,0.067,0.068,0.068,0.069,0.07,0.071,0.073,0.074,0.077,0.08,0.084,0.088,0.092,0.096,0.099,0.1,0.102,0.103,0.105,0.107,0.11,0.113,0.115,0.116,0.117,0.12,0.12,0.121,0.12,0.115,0.105,0.095,0.085,0.075,0.064,0.055,0.046,0.038,0.03,0.024,0.019,0.014,0.011,0.008,0.005,0.003,0.002,0.001,0.001,0.001
State of Palestine,1973,4.703,0.75,0.482,0.314,0.21,0.146,0.107,0.084,0.069,0.061,0.057,0.055,0.056,0.057,0.06,0.064,0.068,0.071,0.075,0.079,0.082,0.083,0.083,0.082,0.08,0.077,0.076,0.074,0.072,0.07,0.069,0.068,0.068,0.067,0.067,0.068,0.067,0.065,0.065,0.064,0.063,0.063,0.062,0.061,0.06,0.06,0.06,0.061,0.062,0.063,0.065,0.066,0.067,0.068,0.069,0.07,0.071,0.072,0.074,0.076,0.079,0.083,0.086,0.09,0.094,0.098,0.101,0.102,0.103,0.105,0.107,0.108,0.111,0.114,0.114,0.114,0.115,0.116,0.116,0.116,0.114,0.108,0.097,0.087,0.076,0.066,0.056,0.047,0.039,0.031,0.024,0.018,0.014,0.01,0.008,0.005,0.004,0.002,0.001,0.001,0.001
State of Palestine,1974,4.656,0.729,0.469,0.307,0.206,0.144,0.106,0.082,0.069,0.061,0.056,0.055,0.055,0.057,0.06,0.065,0.069,0.074,0.079,0.084,0.088,0.09,0.09,0.088,0.086,0.083,0.08,0.079,0.077,0.075,0.073,0.072,0.071,0.07,0.07,0.07,0.07,0.069,0.068,0.067,0.066,0.066,0.065,0.064,0.063,0.062,0.062,0.062,0.063,0.064,0.066,0.068,0.069,0.07,0.071,0.072,0.072,0.074,0.075,0.078,0.08,0.083,0.086,0.09,0.093,0.097,0.101,0.103,0.105,0.106,0.108,0.109,0.11,0.112,0.114,0.114,0.113,0.113,0.113,0.112,0.11,0.108,0.1,0.089,0.078,0.068,0.057,0.047,0.039,0.031,0.024,0.019,0.014,0.01,0.008,0.005,0.004,0.002,0.001,0.001,0.001
State of Palestine,1975,4.582,0.699,0.453,0.297,0.2,0.14,0.103,0.081,0.067,0.059,0.055,0.054,0.054,0.056,0.059,0.064,0.069,0.073,0.078,0.083,0.087,0.089,0.089,0.087,0.085,0.082,0.079,0.077,0.076,0.074,0.072,0.071,0.07,0.069,0.068,0.068,0.068,0.068,0.068,0.067,0.066,0.066,0.065,0.064,0.064,0.063,0.063,0.062,0.063,0.064,0.066,0.068,0.069,0.071,0.071,0.072,0.073,0.074,0.076,0.078,0.081,0.083,0.085,0.088,0.092,0.095,0.099,0.103,0.106,0.107,0.108,0.11,0.11,0.111,0.112,0.113,0.112,0.11,0.109,0.109,0.106,0.104,0.1,0.092,0.08,0.069,0.059,0.048,0.039,0.032,0.025,0.019,0.014,0.01,0.007,0.005,0.004,0.002,0.002,0.001,0.001
State of Palestine,1976,4.492,0.667,0.434,0.287,0.194,0.136,0.101,0.079,0.065,0.058,0.054,0.052,0.053,0.055,0.058,0.063,0.067,0.072,0.077,0.082,0.086,0.088,0.088,0.086,0.084,0.08,0.078,0.075,0.073,0.073,0.071,0.07,0.069,0.068,0.067,0.066,0.066,0.066,0.067,0.067,0.066,0.065,0.065,0.065,0.064,0.064,0.063,0.063,0.063,0.064,0.066,0.067,0.069,0.071,0.072,0.073,0.074,0.075,0.076,0.078,0.08,0.083,0.085,0.087,0.09,0.094,0.097,0.101,0.105,0.108,0.109,0.11,0.111,0.111,0.111,0.111,0.111,0.109,0.107,0.105,0.103,0.1,0.096,0.091,0.082,0.071,0.06,0.05,0.04,0.032,0.025,0.019,0.014,0.01,0.007,0.005,0.004,0.002,0.002,0.001,0.001
State of Palestine,1977,4.387,0.634,0.415,0.276,0.187,0.132,0.098,0.077,0.064,0.056,0.052,0.051,0.051,0.053,0.057,0.061,0.066,0.071,0.076,0.081,0.085,0.087,0.086,0.085,0.082,0.079,0.076,0.074,0.072,0.07,0.07,0.069,0.067,0.067,0.066,0.065,0.065,0.065,0.065,0.066,0.066,0.065,0.065,0.064,0.064,0.064,0.064,0.064,0.064,0.064,0.065,0.067,0.069,0.07,0.072,0.074,0.074,0.076,0.077,0.079,0.081,0.083,0.085,0.087,0.089,0.092,0.096,0.099,0.103,0.107,0.11,0.11,0.111,0.111,0.11,0.11,0.109,0.108,0.106,0.102,0.099,0.097,0.093,0.087,0.082,0.072,0.061,0.051,0.041,0.033,0.025,0.02,0.015,0.011,0.007,0.005,0.004,0.002,0.002,0.001,0.001
State of Palestine,1978,4.272,0.6,0.396,0.264,0.18,0.128,0.095,0.074,0.062,0.055,0.051,0.05,0.05,0.052,0.055,0.06,0.065,0.07,0.075,0.08,0.083,0.085,0.085,0.083,0.081,0.078,0.075,0.072,0.071,0.069,0.067,0.067,0.066,0.065,0.064,0.064,0.063,0.063,0.063,0.064,0.065,0.065,0.064,0.064,0.064,0.064,0.064,0.064,0.065,0.065,0.065,0.067,0.068,0.07,0.072,0.074,0.075,0.076,0.078,0.079,0.081,0.083,0.085,0.088,0.089,0.091,0.094,0.097,0.101,0.105,0.109,0.111,0.112,0.112,0.111,0.109,0.108,0.107,0.105,0.102,0.097,0.093,0.09,0.084,0.079,0.072,0.063,0.052,0.042,0.034,0.026,0.02,0.015,0.011,0.008,0.005,0.003,0.002,0.002,0.001,0.001
State of Palestine,1979,4.15,0.559,0.372,0.25,0.172,0.122,0.091,0.072,0.06,0.053,0.049,0.048,0.048,0.05,0.054,0.058,0.063,0.068,0.073,0.078,0.082,0.084,0.083,0.081,0.079,0.076,0.073,0.071,0.068,0.067,0.065,0.064,0.064,0.064,0.063,0.062,0.062,0.061,0.061,0.062,0.063,0.064,0.064,0.064,0.064,0.064,0.064,0.065,0.065,0.066,0.066,0.067,0.068,0.07,0.071,0.073,0.075,0.077,0.078,0.08,0.082,0.084,0.085,0.087,0.09,0.091,0.093,0.096,0.1,0.103,0.107,0.111,0.113,0.112,0.111,0.11,0.108,0.106,0.104,0.101,0.097,0.092,0.087,0.082,0.076,0.069,0.063,0.053,0.043,0.034,0.027,0.02,0.015,0.011,0.008,0.005,0.004,0.002,0.001,0.001,0.001
State of Palestine,1980,4.012,0.522,0.349,0.237,0.164,0.117,0.088,0.069,0.058,0.051,0.047,0.046,0.047,0.049,0.052,0.057,0.062,0.067,0.072,0.076,0.08,0.082,0.082,0.08,0.077,0.075,0.072,0.069,0.067,0.065,0.064,0.063,0.062,0.062,0.061,0.061,0.06,0.06,0.06,0.06,0.061,0.062,0.063,0.064,0.064,0.064,0.064,0.065,0.066,0.066,0.067,0.068,0.068,0.069,0.071,0.073,0.075,0.077,0.079,0.081,0.083,0.085,0.086,0.088,0.09,0.092,0.094,0.096,0.099,0.102,0.105,0.109,0.112,0.114,0.113,0.111,0.109,0.106,0.103,0.1,0.097,0.092,0.085,0.08,0.074,0.067,0.06,0.053,0.045,0.035,0.028,0.021,0.015,0.011,0.008,0.005,0.004,0.002,0.001,0.001,0.001
State of Palestine,1981,3.911,0.488,0.33,0.225,0.157,0.113,0.085,0.067,0.056,0.049,0.046,0.045,0.045,0.047,0.051,0.055,0.06,0.065,0.07,0.075,0.079,0.081,0.081,0.079,0.076,0.073,0.071,0.068,0.066,0.064,0.062,0.062,0.061,0.06,0.06,0.06,0.059,0.059,0.059,0.059,0.06,0.06,0.062,0.063,0.064,0.064,0.065,0.065,0.066,0.067,0.068,0.069,0.07,0.07,0.071,0.073,0.075,0.077,0.08,0.082,0.084,0.086,0.088,0.089,0.091,0.092,0.095,0.096,0.098,0.101,0.104,0.107,0.11,0.113,0.114,0.112,0.11,0.107,0.104,0.1,0.096,0.092,0.086,0.079,0.072,0.066,0.059,0.052,0.045,0.037,0.028,0.022,0.016,0.011,0.008,0.006,0.004,0.002,0.001,0.001,0.001
State of Palestine,1982,3.823,0.455,0.31,0.213,0.15,0.108,0.082,0.065,0.054,0.048,0.045,0.043,0.044,0.046,0.049,0.054,0.059,0.064,0.069,0.074,0.078,0.08,0.08,0.078,0.075,0.072,0.069,0.067,0.065,0.063,0.062,0.06,0.06,0.059,0.058,0.059,0.058,0.058,0.058,0.058,0.058,0.059,0.06,0.062,0.064,0.065,0.065,0.066,0.067,0.068,0.069,0.07,0.071,0.072,0.072,0.073,0.076,0.078,0.08,0.083,0.085,0.087,0.089,0.091,0.092,0.094,0.095,0.098,0.099,0.101,0.104,0.107,0.109,0.112,0.114,0.114,0.112,0.109,0.105,0.101,0.096,0.091,0.086,0.079,0.071,0.064,0.058,0.05,0.043,0.037,0.029,0.022,0.016,0.012,0.008,0.006,0.004,0.002,0.002,0.001,0.001
State of Palestine,1983,3.735,0.419,0.287,0.2,0.142,0.103,0.079,0.063,0.052,0.046,0.043,0.042,0.042,0.044,0.048,0.052,0.058,0.063,0.068,0.073,0.077,0.078,0.078,0.076,0.074,0.071,0.068,0.066,0.064,0.062,0.06,0.059,0.058,0.058,0.057,0.056,0.057,0.057,0.057,0.057,0.058,0.058,0.059,0.061,0.062,0.064,0.066,0.066,0.067,0.069,0.07,0.071,0.072,0.073,0.074,0.075,0.076,0.079,0.081,0.083,0.087,0.089,0.091,0.092,0.094,0.095,0.097,0.099,0.101,0.102,0.104,0.107,0.109,0.111,0.113,0.115,0.114,0.111,0.107,0.103,0.097,0.092,0.086,0.08,0.072,0.064,0.056,0.05,0.043,0.036,0.03,0.023,0.017,0.012,0.009,0.006,0.004,0.003,0.002,0.001,0.001
State of Palestine,1984,3.686,0.392,0.271,0.19,0.136,0.1,0.076,0.061,0.051,0.045,0.042,0.041,0.041,0.043,0.047,0.051,0.057,0.062,0.067,0.072,0.076,0.078,0.077,0.075,0.073,0.07,0.068,0.065,0.063,0.061,0.06,0.058,0.057,0.057,0.057,0.056,0.055,0.057,0.057,0.057,0.057,0.058,0.059,0.06,0.062,0.064,0.066,0.068,0.069,0.07,0.071,0.073,0.074,0.075,0.076,0.077,0.078,0.08,0.082,0.085,0.088,0.091,0.093,0.095,0.097,0.098,0.1,0.101,0.103,0.105,0.107,0.108,0.11,0.112,0.113,0.114,0.115,0.114,0.11,0.105,0.1,0.094,0.087,0.08,0.073,0.065,0.057,0.049,0.042,0.035,0.029,0.024,0.018,0.013,0.009,0.006,0.004,0.003,0.002,0.001,0.001
State of Palestine,1985,3.666,0.372,0.259,0.183,0.131,0.097,0.075,0.06,0.05,0.045,0.041,0.04,0.041,0.043,0.046,0.051,0.056,0.062,0.067,0.072,0.076,0.078,0.077,0.075,0.073,0.07,0.068,0.065,0.063,0.061,0.059,0.058,0.057,0.057,0.056,0.056,0.056,0.055,0.057,0.057,0.058,0.058,0.059,0.06,0.062,0.064,0.066,0.069,0.071,0.072,0.073,0.075,0.076,0.078,0.079,0.08,0.081,0.082,0.084,0.087,0.09,0.093,0.096,0.099,0.1,0.102,0.103,0.105,0.106,0.108,0.11,0.111,0.112,0.114,0.115,0.116,0.116,0.116,0.114,0.109,0.103,0.097,0.09,0.082,0.074,0.067,0.058,0.049,0.042,0.035,0.029,0.023,0.018,0.014,0.009,0.006,0.004,0.003,0.002,0.001,0.001
State of Palestine,1986,3.584,0.346,0.244,0.173,0.125,0.093,0.072,0.058,0.049,0.043,0.04,0.039,0.039,0.041,0.045,0.05,0.055,0.06,0.066,0.071,0.075,0.076,0.076,0.074,0.072,0.069,0.066,0.064,0.062,0.06,0.058,0.057,0.056,0.055,0.055,0.054,0.055,0.055,0.054,0.056,0.057,0.058,0.059,0.06,0.061,0.063,0.065,0.068,0.071,0.073,0.074,0.075,0.077,0.079,0.08,0.081,0.083,0.084,0.085,0.087,0.09,0.093,0.096,0.099,0.102,0.103,0.105,0.107,0.108,0.109,0.111,0.113,0.113,0.113,0.114,0.115,0.115,0.114,0.114,0.111,0.105,0.098,0.091,0.083,0.074,0.066,0.058,0.05,0.041,0.034,0.028,0.023,0.018,0.014,0.01,0.007,0.004,0.003,0.002,0.001,0.001
State of Palestine,1987,3.502,0.321,0.228,0.163,0.119,0.089,0.068,0.055,0.047,0.041,0.038,0.037,0.038,0.04,0.043,0.048,0.053,0.059,0.064,0.069,0.073,0.074,0.074,0.072,0.07,0.067,0.065,0.062,0.06,0.059,0.057,0.056,0.055,0.054,0.054,0.054,0.053,0.054,0.054,0.054,0.056,0.057,0.058,0.059,0.06,0.062,0.064,0.067,0.069,0.073,0.075,0.076,0.078,0.079,0.081,0.083,0.084,0.086,0.088,0.088,0.091,0.094,0.096,0.099,0.103,0.105,0.107,0.109,0.11,0.111,0.112,0.114,0.115,0.115,0.114,0.115,0.115,0.114,0.113,0.111,0.107,0.1,0.092,0.084,0.075,0.066,0.058,0.05,0.042,0.034,0.028,0.022,0.017,0.013,0.01,0.007,0.005,0.003,0.002,0.001,0.001
State of Palestine,1988,3.561,0.313,0.223,0.161,0.118,0.088,0.068,0.055,0.047,0.042,0.039,0.037,0.038,0.04,0.044,0.049,0.055,0.061,0.067,0.072,0.076,0.079,0.078,0.076,0.074,0.071,0.068,0.066,0.064,0.062,0.06,0.059,0.058,0.057,0.056,0.056,0.056,0.055,0.056,0.056,0.057,0.059,0.06,0.061,0.063,0.065,0.067,0.069,0.072,0.075,0.078,0.081,0.082,0.084,0.086,0.088,0.09,0.092,0.093,0.095,0.096,0.098,0.101,0.104,0.107,0.111,0.114,0.115,0.117,0.119,0.119,0.12,0.121,0.122,0.121,0.12,0.119,0.118,0.117,0.115,0.112,0.106,0.098,0.089,0.08,0.07,0.061,0.052,0.044,0.036,0.029,0.023,0.018,0.013,0.01,0.007,0.005,0.003,0.002,0.001,0.002
State of Palestine,1989,3.542,0.299,0.214,0.155,0.114,0.086,0.067,0.054,0.046,0.041,0.038,0.037,0.037,0.039,0.043,0.049,0.055,0.06,0.066,0.072,0.076,0.079,0.078,0.076,0.074,0.071,0.068,0.066,0.064,0.062,0.06,0.059,0.058,0.057,0.056,0.056,0.056,0.056,0.056,0.057,0.057,0.058,0.06,0.062,0.064,0.066,0.067,0.07,0.072,0.075,0.078,0.082,0.085,0.086,0.088,0.091,0.093,0.095,0.096,0.098,0.1,0.101,0.103,0.106,0.109,0.113,0.116,0.119,0.121,0.122,0.124,0.124,0.124,0.124,0.125,0.123,0.121,0.12,0.118,0.116,0.112,0.108,0.102,0.092,0.083,0.073,0.063,0.053,0.045,0.037,0.029,0.023,0.018,0.013,0.01,0.007,0.005,0.003,0.002,0.001,0.002
State of Palestine,1990,3.538,0.288,0.207,0.151,0.111,0.084,0.066,0.053,0.045,0.04,0.037,0.036,0.036,0.038,0.042,0.046,0.052,0.057,0.061,0.066,0.069,0.07,0.069,0.068,0.066,0.063,0.061,0.059,0.057,0.056,0.055,0.054,0.053,0.053,0.052,0.052,0.052,0.052,0.053,0.054,0.055,0.056,0.057,0.06,0.062,0.064,0.066,0.069,0.071,0.074,0.077,0.081,0.085,0.088,0.09,0.092,0.094,0.097,0.099,0.101,0.103,0.105,0.106,0.108,0.112,0.115,0.118,0.122,0.125,0.126,0.128,0.129,0.129,0.128,0.127,0.127,0.124,0.122,0.12,0.117,0.113,0.109,0.104,0.096,0.085,0.075,0.065,0.055,0.046,0.037,0.03,0.023,0.018,0.013,0.01,0.007,0.005,0.003,0.002,0.001,0.002
State of Palestine,1991,3.536,0.28,0.203,0.148,0.11,0.083,0.065,0.053,0.045,0.04,0.037,0.036,0.036,0.038,0.041,0.046,0.051,0.056,0.06,0.064,0.067,0.068,0.067,0.065,0.063,0.061,0.059,0.057,0.056,0.054,0.053,0.053,0.052,0.052,0.052,0.052,0.052,0.052,0.052,0.053,0.054,0.056,0.057,0.059,0.062,0.064,0.067,0.07,0.072,0.075,0.078,0.081,0.085,0.089,0.093,0.095,0.097,0.1,0.102,0.105,0.107,0.109,0.11,0.112,0.114,0.118,0.121,0.125,0.129,0.132,0.133,0.134,0.134,0.133,0.132,0.13,0.129,0.126,0.122,0.119,0.116,0.11,0.105,0.098,0.089,0.078,0.067,0.057,0.047,0.038,0.031,0.024,0.018,0.013,0.01,0.007,0.005,0.003,0.002,0.001,0.002
State of Palestine,1992,3.524,0.273,0.199,0.146,0.109,0.083,0.065,0.053,0.045,0.039,0.036,0.035,0.036,0.038,0.041,0.046,0.051,0.057,0.062,0.066,0.069,0.07,0.07,0.068,0.066,0.064,0.061,0.059,0.058,0.056,0.055,0.054,0.054,0.053,0.053,0.053,0.053,0.053,0.054,0.055,0.056,0.057,0.059,0.06,0.062,0.066,0.069,0.071,0.074,0.077,0.079,0.083,0.086,0.09,0.095,0.099,0.101,0.104,0.107,0.109,0.112,0.113,0.115,0.117,0.118,0.121,0.125,0.128,0.132,0.136,0.139,0.139,0.14,0.139,0.137,0.135,0.133,0.131,0.127,0.122,0.118,0.113,0.106,0.099,0.091,0.081,0.07,0.059,0.049,0.04,0.032,0.025,0.019,0.014,0.01,0.007,0.005,0.003,0.002,0.001,0.002
State of Palestine,1993,3.463,0.263,0.194,0.144,0.107,0.082,0.064,0.052,0.044,0.039,0.036,0.035,0.035,0.038,0.041,0.046,0.052,0.058,0.063,0.068,0.072,0.073,0.073,0.071,0.069,0.066,0.064,0.062,0.06,0.059,0.057,0.056,0.056,0.055,0.055,0.055,0.055,0.055,0.055,0.056,0.057,0.058,0.06,0.062,0.064,0.066,0.07,0.073,0.076,0.079,0.081,0.084,0.088,0.092,0.096,0.102,0.105,0.108,0.111,0.113,0.116,0.118,0.12,0.122,0.124,0.126,0.128,0.132,0.136,0.139,0.143,0.145,0.145,0.145,0.144,0.141,0.138,0.135,0.132,0.127,0.121,0.115,0.109,0.101,0.092,0.084,0.073,0.062,0.051,0.041,0.033,0.025,0.019,0.014,0.01,0.007,0.005,0.003,0.002,0.001,0.002
State of Palestine,1994,3.386,0.252,0.189,0.141,0.106,0.081,0.064,0.052,0.044,0.039,0.036,0.035,0.035,0.037,0.04,0.045,0.05,0.055,0.059,0.063,0.065,0.066,0.065,0.064,0.062,0.06,0.058,0.056,0.055,0.054,0.053,0.052,0.052,0.052,0.052,0.052,0.052,0.052,0.053,0.054,0.055,0.057,0.059,0.06,0.063,0.066,0.068,0.073,0.076,0.079,0.082,0.085,0.088,0.092,0.096,0.101,0.107,0.111,0.114,0.116,0.119,0.122,0.125,0.127,0.129,0.131,0.133,0.135,0.14,0.143,0.146,0.15,0.152,0.151,0.149,0.147,0.144,0.14,0.136,0.132,0.125,0.118,0.111,0.103,0.094,0.085,0.075,0.065,0.053,0.043,0.034,0.026,0.02,0.015,0.011,0.007,0.005,0.003,0.002,0.001,0.002
State of Palestine,1995,3.312,0.241,0.182,0.138,0.105,0.081,0.064,0.052,0.044,0.039,0.036,0.035,0.035,0.037,0.04,0.045,0.05,0.056,0.061,0.065,0.068,0.069,0.068,0.067,0.064,0.062,0.06,0.058,0.057,0.056,0.055,0.054,0.054,0.053,0.053,0.053,0.054,0.054,0.055,0.055,0.057,0.058,0.06,0.062,0.064,0.068,0.07,0.073,0.078,0.081,0.084,0.087,0.09,0.094,0.098,0.103,0.108,0.114,0.119,0.121,0.124,0.127,0.13,0.133,0.135,0.137,0.14,0.141,0.144,0.148,0.151,0.154,0.157,0.158,0.156,0.154,0.151,0.146,0.142,0.136,0.131,0.123,0.114,0.106,0.097,0.087,0.077,0.067,0.056,0.045,0.036,0.028,0.021,0.015,0.011,0.008,0.005,0.003,0.002,0.001,0.002
State of Palestine,1996,3.249,0.232,0.177,0.136,0.104,0.081,0.064,0.052,0.044,0.039,0.036,0.035,0.035,0.037,0.04,0.044,0.049,0.054,0.059,0.062,0.064,0.065,0.064,0.063,0.061,0.059,0.057,0.055,0.054,0.053,0.052,0.052,0.051,0.051,0.052,0.052,0.052,0.053,0.054,0.055,0.056,0.058,0.06,0.062,0.065,0.067,0.071,0.074,0.077,0.082,0.085,0.089,0.092,0.096,0.1,0.105,0.11,0.115,0.122,0.126,0.129,0.132,0.135,0.138,0.141,0.144,0.146,0.148,0.15,0.152,0.156,0.159,0.161,0.164,0.164,0.161,0.158,0.154,0.148,0.142,0.136,0.129,0.119,0.109,0.099,0.089,0.078,0.068,0.058,0.048,0.038,0.029,0.022,0.016,0.011,0.008,0.005,0.003,0.002,0.001,0.002
State of Palestine,1997,3.186,0.222,0.17,0.131,0.102,0.08,0.064,0.052,0.044,0.039,0.036,0.035,0.035,0.037,0.04,0.044,0.048,0.053,0.057,0.06,0.062,0.062,0.062,0.06,0.058,0.057,0.055,0.053,0.052,0.051,0.051,0.051,0.051,0.051,0.051,0.051,0.052,0.053,0.054,0.055,0.056,0.058,0.06,0.062,0.065,0.068,0.071,0.076,0.078,0.081,0.087,0.09,0.094,0.098,0.102,0.107,0.112,0.117,0.123,0.13,0.134,0.137,0.14,0.144,0.147,0.15,0.153,0.156,0.158,0.159,0.161,0.165,0.167,0.169,0.17,0.169,0.166,0.161,0.156,0.15,0.142,0.134,0.125,0.114,0.103,0.092,0.081,0.07,0.059,0.049,0.04,0.03,0.023,0.017,0.012,0.008,0.005,0.004,0.002,0.001,0.002
State of Palestine,1998,3.158,0.214,0.165,0.128,0.1,0.08,0.064,0.053,0.045,0.04,0.036,0.035,0.035,0.037,0.04,0.044,0.049,0.053,0.058,0.061,0.063,0.063,0.062,0.061,0.059,0.057,0.056,0.054,0.053,0.052,0.052,0.051,0.051,0.051,0.052,0.052,0.053,0.053,0.055,0.056,0.057,0.059,0.061,0.064,0.067,0.07,0.073,0.077,0.081,0.084,0.087,0.093,0.097,0.101,0.106,0.11,0.115,0.12,0.126,0.132,0.139,0.144,0.146,0.15,0.154,0.157,0.161,0.163,0.166,0.168,0.168,0.17,0.173,0.175,0.176,0.176,0.174,0.17,0.164,0.158,0.149,0.14,0.13,0.12,0.107,0.095,0.083,0.072,0.061,0.05,0.041,0.032,0.024,0.017,0.012,0.008,0.006,0.004,0.002,0.001,0.002
State of Palestine,1999,3.121,0.205,0.158,0.123,0.097,0.078,0.063,0.053,0.045,0.04,0.037,0.035,0.035,0.037,0.04,0.044,0.049,0.054,0.058,0.061,0.063,0.063,0.063,0.061,0.059,0.057,0.056,0.054,0.053,0.052,0.052,0.051,0.051,0.052,0.052,0.052,0.053,0.054,0.055,0.056,0.058,0.06,0.062,0.065,0.068,0.071,0.075,0.078,0.082,0.086,0.089,0.093,0.099,0.103,0.108,0.113,0.118,0.123,0.128,0.134,0.14,0.148,0.153,0.156,0.16,0.164,0.168,0.171,0.174,0.176,0.178,0.177,0.179,0.181,0.181,0.181,0.181,0.178,0.172,0.165,0.157,0.147,0.136,0.125,0.113,0.099,0.086,0.074,0.063,0.052,0.042,0.033,0.025,0.018,0.013,0.009,0.006,0.004,0.002,0.002,0.002
State of Palestine,2000,3.08,0.199,0.152,0.119,0.094,0.076,0.062,0.052,0.045,0.04,0.037,0.036,0.036,0.039,0.044,0.051,0.059,0.067,0.076,0.085,0.092,0.096,0.095,0.093,0.089,0.086,0.083,0.08,0.077,0.075,0.072,0.07,0.069,0.068,0.067,0.067,0.067,0.067,0.067,0.068,0.069,0.071,0.072,0.075,0.077,0.08,0.083,0.087,0.09,0.093,0.097,0.1,0.104,0.111,0.115,0.12,0.126,0.13,0.135,0.14,0.146,0.152,0.16,0.166,0.169,0.173,0.177,0.181,0.185,0.187,0.188,0.189,0.188,0.188,0.189,0.188,0.187,0.186,0.182,0.174,0.166,0.156,0.144,0.131,0.118,0.105,0.09,0.077,0.065,0.054,0.043,0.034,0.026,0.019,0.014,0.009,0.006,0.004,0.003,0.002,0.002
State of Palestine,2001,3.037,0.193,0.148,0.115,0.091,0.074,0.061,0.051,0.044,0.04,0.037,0.036,0.036,0.04,0.048,0.059,0.072,0.084,0.098,0.113,0.126,0.135,0.135,0.13,0.126,0.121,0.116,0.111,0.106,0.102,0.097,0.093,0.09,0.088,0.086,0.084,0.083,0.082,0.082,0.082,0.082,0.083,0.085,0.086,0.088,0.091,0.094,0.096,0.099,0.102,0.105,0.109,0.112,0.116,0.124,0.129,0.134,0.139,0.143,0.147,0.152,0.158,0.165,0.174,0.18,0.183,0.187,0.191,0.195,0.198,0.199,0.2,0.199,0.197,0.195,0.196,0.194,0.192,0.189,0.184,0.174,0.164,0.152,0.138,0.123,0.109,0.095,0.08,0.067,0.055,0.045,0.035,0.027,0.02,0.014,0.01,0.007,0.004,0.003,0.002,0.002
State of Palestine,2002,2.999,0.201,0.153,0.12,0.094,0.076,0.063,0.053,0.046,0.042,0.039,0.037,0.038,0.04,0.045,0.051,0.059,0.066,0.073,0.08,0.085,0.088,0.087,0.085,0.082,0.079,0.076,0.073,0.071,0.069,0.067,0.065,0.064,0.064,0.064,0.064,0.064,0.065,0.065,0.067,0.068,0.07,0.072,0.075,0.078,0.081,0.085,0.088,0.092,0.096,0.1,0.103,0.108,0.112,0.117,0.126,0.131,0.136,0.142,0.146,0.151,0.157,0.164,0.172,0.182,0.188,0.192,0.197,0.201,0.204,0.207,0.207,0.207,0.206,0.202,0.2,0.2,0.197,0.194,0.19,0.183,0.171,0.159,0.145,0.129,0.113,0.098,0.084,0.07,0.057,0.046,0.036,0.027,0.021,0.015,0.01,0.007,0.004,0.003,0.002,0.002
State of Palestine,2003,2.886,0.178,0.137,0.108,0.086,0.068,0.056,0.048,0.042,0.038,0.036,0.036,0.036,0.039,0.045,0.053,0.062,0.071,0.08,0.09,0.098,0.102,0.101,0.098,0.094,0.09,0.087,0.084,0.08,0.077,0.075,0.072,0.071,0.07,0.069,0.069,0.069,0.069,0.07,0.071,0.072,0.074,0.076,0.079,0.082,0.085,0.088,0.092,0.095,0.099,0.102,0.107,0.11,0.116,0.121,0.126,0.135,0.14,0.145,0.15,0.154,0.159,0.167,0.174,0.183,0.193,0.2,0.204,0.208,0.212,0.215,0.217,0.216,0.215,0.213,0.208,0.205,0.204,0.2,0.195,0.189,0.18,0.166,0.152,0.136,0.119,0.103,0.087,0.073,0.059,0.047,0.037,0.028,0.021,0.015,0.011,0.007,0.005,0.003,0.002,0.002
State of Palestine,2004,2.814,0.17,0.131,0.103,0.082,0.066,0.054,0.046,0.041,0.037,0.035,0.035,0.036,0.039,0.046,0.055,0.065,0.074,0.085,0.096,0.105,0.11,0.109,0.105,0.101,0.097,0.093,0.089,0.085,0.082,0.079,0.076,0.074,0.073,0.072,0.071,0.071,0.072,0.072,0.073,0.075,0.077,0.079,0.081,0.084,0.088,0.091,0.095,0.098,0.102,0.105,0.109,0.114,0.118,0.125,0.13,0.135,0.144,0.149,0.154,0.158,0.163,0.169,0.178,0.186,0.195,0.206,0.213,0.217,0.221,0.224,0.226,0.227,0.225,0.223,0.219,0.214,0.21,0.207,0.201,0.195,0.187,0.175,0.159,0.143,0.126,0.108,0.092,0.076,0.063,0.05,0.038,0.029,0.022,0.016,0.011,0.008,0.005,0.003,0.002,0.002
State of Palestine,2005,2.745,0.163,0.126,0.1,0.079,0.064,0.053,0.044,0.039,0.036,0.034,0.034,0.035,0.038,0.042,0.048,0.054,0.061,0.067,0.072,0.075,0.077,0.075,0.073,0.07,0.067,0.065,0.062,0.06,0.059,0.057,0.056,0.056,0.056,0.056,0.056,0.057,0.058,0.06,0.062,0.064,0.066,0.069,0.073,0.076,0.08,0.084,0.089,0.093,0.097,0.101,0.105,0.11,0.116,0.121,0.128,0.134,0.139,0.148,0.153,0.158,0.163,0.17,0.177,0.186,0.196,0.206,0.217,0.225,0.228,0.231,0.234,0.235,0.235,0.232,0.229,0.225,0.218,0.213,0.208,0.201,0.192,0.182,0.168,0.15,0.132,0.114,0.096,0.08,0.065,0.052,0.04,0.03,0.023,0.016,0.011,0.008,0.005,0.003,0.002,0.003
State of Palestine,2006,2.673,0.157,0.122,0.096,0.077,0.062,0.051,0.044,0.038,0.034,0.033,0.033,0.034,0.038,0.044,0.053,0.062,0.071,0.08,0.089,0.096,0.1,0.099,0.095,0.091,0.087,0.083,0.08,0.077,0.074,0.071,0.069,0.067,0.066,0.066,0.065,0.066,0.066,0.067,0.069,0.071,0.073,0.076,0.079,0.083,0.087,0.091,0.095,0.099,0.102,0.106,0.111,0.115,0.121,0.127,0.133,0.14,0.146,0.151,0.16,0.164,0.169,0.176,0.183,0.191,0.201,0.21,0.221,0.233,0.24,0.242,0.245,0.246,0.246,0.245,0.241,0.236,0.231,0.222,0.215,0.209,0.199,0.188,0.175,0.159,0.14,0.121,0.103,0.085,0.069,0.055,0.043,0.032,0.024,0.017,0.012,0.008,0.005,0.003,0.002,0.003
State of Palestine,2007,2.595,0.151,0.118,0.093,0.074,0.06,0.05,0.042,0.037,0.033,0.032,0.032,0.033,0.037,0.044,0.053,0.062,0.072,0.081,0.091,0.098,0.102,0.101,0.097,0.093,0.089,0.084,0.081,0.078,0.075,0.072,0.07,0.068,0.067,0.066,0.066,0.066,0.066,0.067,0.069,0.071,0.074,0.077,0.08,0.084,0.088,0.092,0.096,0.1,0.104,0.108,0.113,0.118,0.123,0.129,0.136,0.142,0.15,0.155,0.16,0.169,0.174,0.18,0.187,0.195,0.204,0.214,0.225,0.235,0.247,0.254,0.256,0.257,0.257,0.256,0.253,0.248,0.242,0.235,0.225,0.216,0.207,0.195,0.181,0.166,0.148,0.128,0.109,0.09,0.073,0.058,0.045,0.034,0.025,0.018,0.012,0.008,0.006,0.004,0.002,0.003
State of Palestine,2008,2.641,0.199,0.149,0.117,0.093,0.076,0.063,0.053,0.046,0.041,0.037,0.036,0.037,0.041,0.046,0.054,0.062,0.07,0.077,0.083,0.087,0.089,0.087,0.084,0.081,0.078,0.074,0.071,0.069,0.066,0.064,0.063,0.061,0.061,0.061,0.061,0.062,0.063,0.064,0.066,0.068,0.071,0.075,0.079,0.083,0.088,0.093,0.097,0.102,0.106,0.111,0.115,0.121,0.126,0.133,0.139,0.147,0.153,0.161,0.166,0.171,0.181,0.187,0.194,0.202,0.211,0.221,0.232,0.243,0.254,0.265,0.271,0.272,0.271,0.27,0.267,0.262,0.256,0.249,0.239,0.227,0.216,0.204,0.19,0.173,0.156,0.137,0.116,0.096,0.079,0.062,0.048,0.036,0.027,0.019,0.013,0.009,0.006,0.004,0.002,0.003
State of Palestine,2009,2.653,0.208,0.154,0.121,0.097,0.078,0.065,0.055,0.047,0.042,0.038,0.036,0.037,0.041,0.046,0.054,0.063,0.071,0.079,0.086,0.091,0.092,0.091,0.088,0.084,0.081,0.078,0.075,0.072,0.069,0.067,0.065,0.063,0.063,0.063,0.063,0.063,0.064,0.066,0.067,0.07,0.073,0.076,0.08,0.085,0.09,0.095,0.1,0.105,0.11,0.114,0.119,0.124,0.13,0.136,0.143,0.151,0.158,0.164,0.172,0.177,0.183,0.194,0.201,0.209,0.218,0.227,0.237,0.249,0.259,0.27,0.281,0.286,0.284,0.283,0.28,0.276,0.27,0.262,0.253,0.241,0.226,0.212,0.198,0.181,0.162,0.144,0.124,0.103,0.084,0.067,0.051,0.039,0.028,0.02,0.014,0.009,0.006,0.004,0.002,0.003
State of Palestine,2010,2.573,0.14,0.109,0.087,0.07,0.057,0.047,0.04,0.035,0.031,0.03,0.029,0.03,0.033,0.037,0.043,0.05,0.057,0.063,0.068,0.07,0.071,0.069,0.067,0.065,0.062,0.06,0.058,0.056,0.054,0.053,0.052,0.052,0.052,0.052,0.053,0.054,0.055,0.056,0.058,0.061,0.064,0.068,0.072,0.077,0.083,0.088,0.094,0.099,0.104,0.109,0.114,0.12,0.126,0.132,0.139,0.147,0.154,0.162,0.168,0.176,0.182,0.188,0.2,0.208,0.216,0.226,0.236,0.246,0.258,0.268,0.278,0.288,0.292,0.291,0.289,0.285,0.28,0.273,0.263,0.252,0.238,0.22,0.202,0.186,0.167,0.147,0.128,0.108,0.087,0.069,0.054,0.04,0.029,0.021,0.015,0.01,0.006,0.004,0.002,0.003
State of Palestine,2011,2.522,0.139,0.108,0.085,0.069,0.056,0.047,0.039,0.034,0.031,0.029,0.028,0.029,0.032,0.036,0.042,0.049,0.056,0.063,0.068,0.071,0.072,0.071,0.068,0.066,0.063,0.061,0.059,0.057,0.055,0.054,0.053,0.053,0.052,0.053,0.053,0.054,0.055,0.056,0.058,0.061,0.064,0.068,0.072,0.077,0.083,0.089,0.094,0.1,0.106,0.111,0.116,0.122,0.128,0.135,0.142,0.149,0.157,0.165,0.172,0.178,0.187,0.193,0.2,0.213,0.222,0.231,0.241,0.251,0.261,0.272,0.282,0.291,0.301,0.304,0.3,0.297,0.292,0.285,0.276,0.264,0.25,0.232,0.212,0.192,0.173,0.153,0.132,0.113,0.093,0.074,0.057,0.043,0.032,0.022,0.015,0.01,0.007,0.004,0.003,0.003
State of Palestine,2012,2.453,0.141,0.11,0.086,0.069,0.056,0.047,0.04,0.034,0.031,0.029,0.028,0.029,0.031,0.035,0.041,0.049,0.056,0.064,0.071,0.075,0.077,0.076,0.074,0.071,0.068,0.065,0.063,0.061,0.059,0.057,0.056,0.055,0.055,0.055,0.056,0.056,0.057,0.058,0.06,0.062,0.065,0.069,0.073,0.078,0.084,0.09,0.096,0.102,0.108,0.114,0.119,0.125,0.131,0.138,0.145,0.153,0.161,0.169,0.176,0.183,0.19,0.199,0.206,0.214,0.228,0.238,0.248,0.258,0.267,0.277,0.288,0.296,0.304,0.313,0.314,0.31,0.305,0.298,0.289,0.278,0.262,0.245,0.225,0.202,0.18,0.159,0.138,0.117,0.098,0.079,0.061,0.046,0.034,0.024,0.017,0.011,0.007,0.005,0.003,0.004
State of Palestine,2013,2.386,0.131,0.104,0.082,0.065,0.053,0.044,0.038,0.033,0.029,0.027,0.027,0.028,0.03,0.033,0.038,0.044,0.051,0.058,0.063,0.067,0.068,0.068,0.066,0.064,0.061,0.059,0.057,0.055,0.054,0.053,0.052,0.051,0.051,0.052,0.052,0.053,0.054,0.056,0.057,0.06,0.063,0.066,0.071,0.076,0.082,0.088,0.095,0.101,0.107,0.113,0.119,0.125,0.132,0.139,0.147,0.155,0.162,0.17,0.178,0.185,0.193,0.201,0.211,0.219,0.228,0.243,0.253,0.263,0.273,0.282,0.291,0.301,0.309,0.316,0.324,0.324,0.318,0.311,0.302,0.291,0.276,0.257,0.237,0.214,0.189,0.165,0.144,0.122,0.102,0.083,0.066,0.05,0.036,0.026,0.018,0.012,0.008,0.005,0.003,0.004
State of Palestine,2014,2.519,0.238,0.173,0.136,0.108,0.086,0.071,0.06,0.051,0.044,0.04,0.037,0.037,0.04,0.047,0.057,0.067,0.079,0.094,0.109,0.123,0.133,0.135,0.132,0.127,0.122,0.117,0.112,0.107,0.102,0.096,0.092,0.088,0.086,0.084,0.083,0.082,0.082,0.082,0.082,0.084,0.086,0.088,0.092,0.097,0.103,0.109,0.115,0.121,0.127,0.133,0.139,0.145,0.151,0.158,0.166,0.174,0.182,0.189,0.197,0.204,0.211,0.22,0.228,0.24,0.249,0.258,0.274,0.284,0.294,0.303,0.311,0.318,0.326,0.331,0.335,0.34,0.339,0.33,0.321,0.31,0.296,0.277,0.255,0.231,0.206,0.178,0.154,0.132,0.11,0.09,0.072,0.055,0.041,0.029,0.02,0.013,0.009,0.006,0.003,0.004
State of Palestine,2015,2.342,0.13,0.102,0.082,0.067,0.055,0.045,0.038,0.033,0.029,0.027,0.026,0.027,0.029,0.032,0.037,0.043,0.049,0.055,0.061,0.065,0.068,0.069,0.068,0.066,0.064,0.062,0.06,0.058,0.057,0.055,0.055,0.054,0.054,0.054,0.054,0.055,0.056,0.057,0.059,0.061,0.064,0.067,0.072,0.077,0.083,0.089,0.096,0.103,0.109,0.116,0.122,0.13,0.137,0.145,0.153,0.162,0.17,0.178,0.185,0.193,0.201,0.21,0.22,0.229,0.242,0.252,0.262,0.278,0.288,0.297,0.305,0.313,0.32,0.328,0.333,0.339,0.344,0.341,0.331,0.319,0.304,0.286,0.264,0.239,0.212,0.185,0.158,0.133,0.112,0.091,0.072,0.056,0.042,0.03,0.021,0.014,0.009,0.006,0.003,0.005
State of Palestine,2016,2.269,0.123,0.097,0.078,0.064,0.053,0.044,0.036,0.031,0.028,0.026,0.026,0.026,0.028,0.031,0.036,0.041,0.047,0.052,0.057,0.062,0.064,0.065,0.065,0.064,0.063,0.061,0.059,0.057,0.056,0.055,0.054,0.054,0.053,0.053,0.054,0.054,0.056,0.057,0.059,0.061,0.064,0.067,0.071,0.076,0.082,0.088,0.095,0.102,0.109,0.115,0.123,0.13,0.138,0.146,0.155,0.164,0.172,0.18,0.188,0.195,0.203,0.212,0.222,0.233,0.244,0.258,0.268,0.278,0.294,0.304,0.312,0.319,0.326,0.332,0.339,0.344,0.348,0.352,0.347,0.334,0.318,0.3,0.278,0.252,0.224,0.197,0.169,0.141,0.117,0.096,0.076,0.059,0.045,0.033,0.023,0.015,0.01,0.006,0.004,0.005
State of Palestine,2017,2.181,0.118,0.093,0.075,0.061,0.05,0.042,0.036,0.03,0.027,0.025,0.025,0.025,0.027,0.03,0.035,0.04,0.046,0.051,0.055,0.059,0.062,0.063,0.063,0.063,0.062,0.061,0.059,0.057,0.056,0.055,0.054,0.054,0.054,0.054,0.054,0.055,0.056,0.057,0.059,0.061,0.064,0.067,0.071,0.076,0.082,0.088,0.094,0.101,0.108,0.115,0.123,0.13,0.139,0.148,0.157,0.166,0.175,0.183,0.191,0.199,0.206,0.215,0.226,0.237,0.249,0.261,0.276,0.286,0.295,0.311,0.32,0.327,0.334,0.339,0.344,0.35,0.354,0.357,0.358,0.351,0.334,0.315,0.292,0.266,0.238,0.209,0.18,0.151,0.124,0.101,0.081,0.063,0.048,0.035,0.025,0.017,0.011,0.007,0.004,0.005
State of Palestine,2018,2.107,0.126,0.1,0.08,0.064,0.053,0.045,0.038,0.033,0.029,0.026,0.026,0.026,0.028,0.031,0.036,0.041,0.047,0.053,0.057,0.061,0.064,0.065,0.066,0.066,0.066,0.065,0.063,0.062,0.06,0.059,0.058,0.057,0.057,0.057,0.057,0.057,0.058,0.059,0.061,0.063,0.066,0.069,0.073,0.078,0.083,0.089,0.096,0.102,0.109,0.116,0.124,0.132,0.14,0.15,0.16,0.169,0.179,0.187,0.195,0.203,0.211,0.219,0.229,0.241,0.253,0.267,0.279,0.294,0.304,0.312,0.328,0.335,0.341,0.347,0.351,0.355,0.36,0.362,0.362,0.361,0.35,0.33,0.307,0.28,0.252,0.222,0.191,0.161,0.133,0.107,0.085,0.067,0.051,0.037,0.027,0.018,0.012,0.008,0.005,0.006
State of Palestine,2019,2.006,0.11,0.09,0.073,0.06,0.049,0.041,0.035,0.031,0.027,0.025,0.024,0.025,0.027,0.03,0.034,0.039,0.044,0.049,0.053,0.057,0.058,0.059,0.06,0.06,0.06,0.06,0.06,0.059,0.058,0.056,0.056,0.055,0.055,0.055,0.055,0.056,0.057,0.058,0.059,0.062,0.064,0.067,0.072,0.076,0.082,0.087,0.094,0.1,0.107,0.114,0.121,0.129,0.139,0.149,0.159,0.169,0.179,0.188,0.197,0.204,0.212,0.221,0.23,0.242,0.255,0.268,0.282,0.295,0.31,0.318,0.326,0.341,0.347,0.352,0.357,0.36,0.363,0.366,0.366,0.364,0.36,0.345,0.321,0.294,0.264,0.233,0.202,0.171,0.142,0.115,0.09,0.07,0.054,0.039,0.028,0.02,0.013,0.008,0.005,0.007
State of Palestine,2020,1.92,0.102,0.083,0.069,0.057,0.047,0.039,0.034,0.03,0.027,0.025,0.024,0.024,0.026,0.029,0.033,0.037,0.042,0.046,0.05,0.052,0.054,0.054,0.054,0.055,0.055,0.055,0.055,0.055,0.055,0.054,0.054,0.054,0.054,0.055,0.056,0.057,0.059,0.061,0.063,0.067,0.07,0.075,0.079,0.085,0.09,0.097,0.103,0.11,0.118,0.127,0.135,0.145,0.156,0.168,0.181,0.193,0.206,0.217,0.228,0.238,0.248,0.259,0.271,0.285,0.301,0.317,0.333,0.349,0.362,0.377,0.384,0.39,0.404,0.407,0.409,0.411,0.411,0.412,0.414,0.411,0.406,0.397,0.377,0.347,0.314,0.279,0.243,0.207,0.172,0.14,0.111,0.085,0.064,0.048,0.034,0.024,0.016,0.011,0.007,0.009
State of Palestine,2021,1.875,0.111,0.089,0.073,0.061,0.051,0.043,0.036,0.031,0.028,0.027,0.026,0.025,0.027,0.03,0.035,0.04,0.046,0.05,0.055,0.058,0.06,0.061,0.062,0.063,0.065,0.066,0.068,0.069,0.07,0.07,0.07,0.07,0.071,0.071,0.072,0.074,0.076,0.078,0.081,0.084,0.089,0.094,0.1,0.107,0.115,0.123,0.131,0.139,0.148,0.158,0.168,0.179,0.192,0.205,0.22,0.234,0.248,0.261,0.274,0.285,0.296,0.307,0.32,0.333,0.348,0.365,0.382,0.398,0.415,0.427,0.442,0.446,0.447,0.458,0.457,0.455,0.453,0.453,0.453,0.454,0.448,0.437,0.423,0.396,0.358,0.318,0.278,0.238,0.199,0.163,0.13,0.101,0.076,0.056,0.041,0.028,0.019,0.013,0.008,0.01
State of Palestine,2022,1.808,0.102,0.082,0.068,0.057,0.048,0.041,0.035,0.03,0.027,0.025,0.025,0.025,0.027,0.029,0.033,0.038,0.043,0.048,0.051,0.054,0.055,0.055,0.055,0.054,0.054,0.055,0.055,0.056,0.056,0.057,0.057,0.057,0.057,0.057,0.057,0.058,0.059,0.06,0.061,0.063,0.065,0.069,0.073,0.078,0.083,0.089,0.095,0.1,0.106,0.113,0.12,0.128,0.137,0.148,0.16,0.172,0.184,0.195,0.205,0.214,0.223,0.232,0.242,0.253,0.265,0.279,0.294,0.308,0.322,0.335,0.345,0.358,0.363,0.366,0.379,0.381,0.382,0.383,0.381,0.377,0.371,0.36,0.344,0.326,0.298,0.262,0.227,0.193,0.16,0.13,0.102,0.079,0.059,0.042,0.03,0.021,0.014,0.009,0.006,0.007
State of Palestine,2023,2.076,0.445,0.442,0.433,0.425,0.419,0.414,0.407,0.392,0.374,0.36,0.351,0.346,0.347,0.361,0.389,0.422,0.456,0.497,0.547,0.596,0.632,0.64,0.637,0.633,0.625,0.626,0.63,0.627,0.619,0.606,0.588,0.564,0.536,0.507,0.478,0.45,0.424,0.402,0.381,0.362,0.345,0.33,0.319,0.31,0.302,0.296,0.29,0.285,0.281,0.278,0.277,0.279,0.284,0.293,0.303,0.314,0.323,0.331,0.336,0.341,0.345,0.348,0.353,0.359,0.366,0.375,0.383,0.393,0.402,0.409,0.417,0.42,0.427,0.426,0.424,0.432,0.429,0.425,0.422,0.415,0.405,0.393,0.375,0.353,0.329,0.295,0.256,0.218,0.182,0.149,0.118,0.091,0.069,0.05,0.035,0.024,0.016,0.011,0.007,0.009
